{"@type":"Process","@id":"08dc203a-59e1-4f8e-bc9b-2b5a81d17c3f","name":"Timber harvesting, wood","description":"","category":"Other","version":"00.00.006","lastChange":"2015-05-27T13:35:25.657Z","processType":"UNIT_PROCESS","isInfrastructureProcess":false,"location":{"@type":"Location","@id":"0b3b97fa-6688-3c56-88ee-4ae80ec0c3c2","name":"United States"},"processDocumentation":{"creationDate":"2015-04-02T03:07:09.322Z","isCopyrightProtected":false},"lastInternalId":2,"parameters":[],"exchanges":[{"@type":"Exchange","isAvoidedProduct":false,"isInput":false,"amount":1.0,"internalId":1,"flow":{"@type":"Flow","@id":"0f3c5aa8-2d31-4419-9fe5-13a7f4bc9545","name":"Timber harvested, wood","category":"Other","flowType":"PRODUCT_FLOW","refUnit":"kg"},"unit":{"@type":"Unit","@id":"d4922696-9c95-4b5d-a876-425e98276978","name":"sh tn"},"flowProperty":{"@type":"FlowProperty","@id":"93a60a56-a3c8-11da-a746-0800200b9a66","name":"Mass","category":"Technical flow properties","refUnit":"kg"},"isQuantitativeReference":true},{"@type":"Exchange","isAvoidedProduct":false,"isInput":false,"amount":-0.8947957665378544,"amountFormula":"-Forest_carbon_storage_wood","internalId":2,"flow":{"@type":"Flow","@id":"9ed04856-b565-46c4-8163-eb0616409abc","name":"Carbon","category":"Elementary flows/resource/biotic","flowType":"ELEMENTARY_FLOW","refUnit":"kg"},"unit":{"@type":"Unit","@id":"83192ffa-5990-490b-a23a-b45ca072db6f","name":"t"},"flowProperty":{"@type":"FlowProperty","@id":"93a60a56-a3c8-11da-a746-0800200b9a66","name":"Mass","category":"Technical flow properties","refUnit":"kg"}}],"socialAspects":[],"allocationFactors":[]}