{"@type":"Process","@id":"130686c1-ea72-413a-847b-e405574b72ca","name":"Process energy, for product manufacturing from Asphalt Shingles, using 100% virgin inputs","description":"","category":"Utilities/Process energy/100% Virgin inputs","version":"00.00.002","lastChange":"2018-11-13T19:45:51.396Z","processType":"UNIT_PROCESS","isInfrastructureProcess":false,"location":{"@type":"Location","@id":"0b3b97fa-6688-3c56-88ee-4ae80ec0c3c2","name":"United States"},"processDocumentation":{"timeDescription":"","geographyDescription":"","technologyDescription":"","inventoryMethodDescription":"","modelingConstantsDescription":"","completenessDescription":"","dataSelectionDescription":"","dataTreatmentDescription":"","samplingDescription":"","dataCollectionDescription":"","intendedApplication":"","projectDescription":"","isCopyrightProtected":false,"restrictionsDescription":""},"lastInternalId":4,"parameters":[{"@type":"Parameter","@id":"6a6839b1-14f0-4152-bcf6-9fb86bb4480f","name":"CH4_energy_virgin","description":"t/MMBTU","version":"00.00.000","parameterScope":"PROCESS_SCOPE","isInputParameter":true,"value":9.12263531414852E-5},{"@type":"Parameter","@id":"1994e844-b9cc-4567-96a7-967979aac61a","name":"CO2_energy_virgin","description":"t/MMBTU","version":"00.00.000","parameterScope":"PROCESS_SCOPE","isInputParameter":true,"value":0.0530756934975845}],"exchanges":[{"@type":"Exchange","isAvoidedProduct":false,"isInput":false,"amount":1000000.0,"internalId":1,"flow":{"@type":"Flow","@id":"37b01e60-4249-4e05-a615-378e8b2dfed1","name":"Process energy, for product manufacturing from Asphalt Shingles, using 100% virgin inputs","category":"Utilities/Process energy/100% Virgin inputs","flowType":"PRODUCT_FLOW","refUnit":"MJ"},"unit":{"@type":"Unit","@id":"55244053-94ba-404e-9172-cb279d905e00","name":"btu"},"flowProperty":{"@type":"FlowProperty","@id":"f6811440-ee37-11de-8a39-0800200c9a66","name":"Energy","category":"Technical flow properties","refUnit":"MJ"},"isQuantitativeReference":true},{"@type":"Exchange","isAvoidedProduct":false,"isInput":true,"amount":1000000.0,"internalId":4,"flow":{"@type":"Flow","@id":"3e756464-b439-4b1e-8e4b-64e2173cc5ce","name":"Energy, unspecified","category":"Elementary flows/resource/unspecified","flowType":"ELEMENTARY_FLOW","refUnit":"MJ"},"unit":{"@type":"Unit","@id":"55244053-94ba-404e-9172-cb279d905e00","name":"btu"},"flowProperty":{"@type":"FlowProperty","@id":"f6811440-ee37-11de-8a39-0800200c9a66","name":"Energy","category":"Technical flow properties","refUnit":"MJ"}},{"@type":"Exchange","isAvoidedProduct":false,"isInput":false,"amount":0.0530756934975845,"amountFormula":"CO2_energy_virgin","internalId":3,"flow":{"@type":"Flow","@id":"7ae371aa-8532-11e0-9d78-0800200c9a66","name":"Carbon dioxide","category":"Elementary flows/air/unspecified","flowType":"ELEMENTARY_FLOW","refUnit":"kg"},"unit":{"@type":"Unit","@id":"83192ffa-5990-490b-a23a-b45ca072db6f","name":"t"},"flowProperty":{"@type":"FlowProperty","@id":"93a60a56-a3c8-11da-a746-0800200b9a66","name":"Mass","category":"Technical flow properties","refUnit":"kg"}},{"@type":"Exchange","isAvoidedProduct":false,"isInput":false,"amount":9.12263531414852E-5,"amountFormula":"CH4_energy_virgin","internalId":2,"flow":{"@type":"Flow","@id":"20408dd1-8534-11e0-9d78-0800200c9a66","name":"Methane","category":"Elementary flows/air/unspecified","flowType":"ELEMENTARY_FLOW","refUnit":"kg"},"unit":{"@type":"Unit","@id":"83192ffa-5990-490b-a23a-b45ca072db6f","name":"t"},"flowProperty":{"@type":"FlowProperty","@id":"93a60a56-a3c8-11da-a746-0800200b9a66","name":"Mass","category":"Technical flow properties","refUnit":"kg"}}],"socialAspects":[],"allocationFactors":[]}