{"@type":"Process","@id":"13287ef7-2db4-4093-9501-08aa17918cf2","name":"Product manufacturing, from Glass, using 100% virgin inputs","description":"","category":"Product manufacturing/100% Virgin inputs","version":"00.00.001","lastChange":"2017-05-09T18:01:25.864Z","processType":"UNIT_PROCESS","isInfrastructureProcess":false,"location":{"@type":"Location","@id":"0b3b97fa-6688-3c56-88ee-4ae80ec0c3c2","name":"United States"},"processDocumentation":{"timeDescription":"","geographyDescription":"","technologyDescription":"","inventoryMethodDescription":"","modelingConstantsDescription":"","completenessDescription":"","dataSelectionDescription":"","dataTreatmentDescription":"","samplingDescription":"","dataCollectionDescription":"","intendedApplication":"","projectDescription":"","isCopyrightProtected":false,"restrictionsDescription":""},"lastInternalId":9,"parameters":[{"@type":"Parameter","@id":"5c6df4de-ee55-4cbe-8e78-fb950a78c66b","name":"CO2_non_energy_virgin","description":"t/short ton","version":"00.00.000","parameterScope":"PROCESS_SCOPE","isInputParameter":true,"value":0.16147888372000044},{"@type":"Parameter","@id":"2c5e28ff-5c08-4069-bb69-f2b2785aebf3","name":"C2F6_non_energy_virgin","description":"t/short ton","version":"00.00.000","parameterScope":"PROCESS_SCOPE","isInputParameter":true,"value":0.0},{"@type":"Parameter","@id":"bb09608b-0de9-4b10-ac89-6d9ab9db3c64","name":"distance_to_retailer","description":"miles","version":"00.00.000","parameterScope":"PROCESS_SCOPE","isInputParameter":true,"value":356.0},{"@type":"Parameter","@id":"42021f80-b363-48cf-a4f1-0acf99e95a5a","name":"CH4_non_energy_virgin","description":"t/short ton","version":"00.00.000","parameterScope":"PROCESS_SCOPE","isInputParameter":true,"value":0.0},{"@type":"Parameter","@id":"89b28bce-1b80-4f23-97a0-0318baa4d310","name":"transport_energy_virgin","description":"MMBTU/short ton","version":"00.00.000","parameterScope":"PROCESS_SCOPE","isInputParameter":true,"value":0.5827820341},{"@type":"Parameter","@id":"57b1bb5a-a5e9-43e3-9586-ad38c97da4a4","name":"N2O_non_energy_virgin","description":"t/short ton","version":"00.00.000","parameterScope":"PROCESS_SCOPE","isInputParameter":true,"value":0.0},{"@type":"Parameter","@id":"aa085c18-5bf4-4b12-8ba4-27500047675e","name":"process_energy_virgin","description":"MMBTU/short ton","version":"00.00.000","parameterScope":"PROCESS_SCOPE","isInputParameter":true,"value":6.49386504341647},{"@type":"Parameter","@id":"4fea152c-c77d-4c15-ab88-29f3a289a5c2","name":"CF4_non_energy_virgin","description":"t/short ton","version":"00.00.000","parameterScope":"PROCESS_SCOPE","isInputParameter":true,"value":0.0}],"exchanges":[{"@type":"Exchange","isAvoidedProduct":false,"isInput":false,"amount":1.0,"internalId":1,"flow":{"@type":"Flow","@id":"cd967e52-2c71-4431-888e-b7b362b4104d","name":"Product manufactured, from Glass, using 100% virgin inputs","category":"Product manufactured/100% Virgin inputs","flowType":"PRODUCT_FLOW","refUnit":"kg"},"unit":{"@type":"Unit","@id":"d4922696-9c95-4b5d-a876-425e98276978","name":"sh tn"},"flowProperty":{"@type":"FlowProperty","@id":"93a60a56-a3c8-11da-a746-0800200b9a66","name":"Mass","category":"Technical flow properties","refUnit":"kg"},"isQuantitativeReference":true},{"@type":"Exchange","isAvoidedProduct":false,"isInput":true,"amount":6493865.04341647,"amountFormula":"process_energy_virgin*1000000","internalId":6,"flow":{"@type":"Flow","@id":"c26e1f7a-60b3-4936-831e-2c0a6a6cb1e0","name":"Process energy, for product manufacturing from Glass, using 100% virgin inputs","category":"Utilities/Process energy/100% Virgin inputs","flowType":"PRODUCT_FLOW","refUnit":"MJ"},"unit":{"@type":"Unit","@id":"55244053-94ba-404e-9172-cb279d905e00","name":"btu"},"flowProperty":{"@type":"FlowProperty","@id":"f6811440-ee37-11de-8a39-0800200c9a66","name":"Energy","category":"Technical flow properties","refUnit":"MJ"}},{"@type":"Exchange","isAvoidedProduct":false,"isInput":false,"amount":0.0,"amountFormula":"C2F6_non_energy_virgin","internalId":7,"flow":{"@type":"Flow","@id":"acc39720-dda7-4b3a-80c7-c6394cad4191","name":"Ethane, hexafluoro-, HFC-116","category":"Elementary flows/air/unspecified","flowType":"ELEMENTARY_FLOW","refUnit":"kg"},"unit":{"@type":"Unit","@id":"83192ffa-5990-490b-a23a-b45ca072db6f","name":"t"},"flowProperty":{"@type":"FlowProperty","@id":"93a60a56-a3c8-11da-a746-0800200b9a66","name":"Mass","category":"Technical flow properties","refUnit":"kg"}},{"@type":"Exchange","isAvoidedProduct":false,"isInput":false,"amount":0.16147888372000044,"amountFormula":"CO2_non_energy_virgin","internalId":9,"flow":{"@type":"Flow","@id":"7ae371aa-8532-11e0-9d78-0800200c9a66","name":"Carbon dioxide","category":"Elementary flows/air/unspecified","flowType":"ELEMENTARY_FLOW","refUnit":"kg"},"unit":{"@type":"Unit","@id":"83192ffa-5990-490b-a23a-b45ca072db6f","name":"t"},"flowProperty":{"@type":"FlowProperty","@id":"93a60a56-a3c8-11da-a746-0800200b9a66","name":"Mass","category":"Technical flow properties","refUnit":"kg"}},{"@type":"Exchange","isAvoidedProduct":false,"isInput":true,"amount":356.0,"amountFormula":"1*distance_to_retailer","internalId":4,"flow":{"@type":"Flow","@id":"2de075bf-79e2-4d96-8942-44e852ac68e9","name":"Transport of manufactured products, to retailer","category":"Transport","flowType":"PRODUCT_FLOW","refUnit":"t*km"},"unit":{"@type":"Unit","@id":"cd3712b2-74a5-48cb-9a90-01bf09c4f1eb","name":"sh tn*mi"},"flowProperty":{"@type":"FlowProperty","@id":"838aaa20-0117-11db-92e3-0800200c9a66","name":"Goods transport (mass*distance)","category":"Technical flow properties","refUnit":"t*km"}},{"@type":"Exchange","isAvoidedProduct":false,"isInput":false,"amount":0.0,"amountFormula":"CH4_non_energy_virgin","internalId":8,"flow":{"@type":"Flow","@id":"20408dd1-8534-11e0-9d78-0800200c9a66","name":"Methane","category":"Elementary flows/air/unspecified","flowType":"ELEMENTARY_FLOW","refUnit":"kg"},"unit":{"@type":"Unit","@id":"83192ffa-5990-490b-a23a-b45ca072db6f","name":"t"},"flowProperty":{"@type":"FlowProperty","@id":"93a60a56-a3c8-11da-a746-0800200b9a66","name":"Mass","category":"Technical flow properties","refUnit":"kg"}},{"@type":"Exchange","isAvoidedProduct":false,"isInput":false,"amount":0.0,"amountFormula":"CF4_non_energy_virgin","internalId":2,"flow":{"@type":"Flow","@id":"33681770-a0e1-4ce8-93c3-941fd607fa5f","name":"Methane, tetrafluoro-, R-14","category":"Elementary flows/air/unspecified","flowType":"ELEMENTARY_FLOW","refUnit":"kg"},"unit":{"@type":"Unit","@id":"83192ffa-5990-490b-a23a-b45ca072db6f","name":"t"},"flowProperty":{"@type":"FlowProperty","@id":"93a60a56-a3c8-11da-a746-0800200b9a66","name":"Mass","category":"Technical flow properties","refUnit":"kg"}},{"@type":"Exchange","isAvoidedProduct":false,"isInput":false,"amount":0.0,"amountFormula":"N2O_non_energy_virgin","internalId":3,"flow":{"@type":"Flow","@id":"20185046-64bb-4c09-a8e7-e8a9e144ca98","name":"Dinitrogen monoxide","category":"Elementary flows/air/unspecified","flowType":"ELEMENTARY_FLOW","refUnit":"kg"},"unit":{"@type":"Unit","@id":"83192ffa-5990-490b-a23a-b45ca072db6f","name":"t"},"flowProperty":{"@type":"FlowProperty","@id":"93a60a56-a3c8-11da-a746-0800200b9a66","name":"Mass","category":"Technical flow properties","refUnit":"kg"}},{"@type":"Exchange","isAvoidedProduct":false,"isInput":true,"amount":582782.0340999999,"amountFormula":"transport_energy_virgin*1000000","internalId":5,"flow":{"@type":"Flow","@id":"683beaff-f1a5-4922-b1e7-b903d7406a88","name":"Transport, in product manufacturing from Glass, using 100% virgin inputs","category":"Transport/Product manufacturing/100% Virgin inputs","flowType":"PRODUCT_FLOW","refUnit":"MJ"},"unit":{"@type":"Unit","@id":"55244053-94ba-404e-9172-cb279d905e00","name":"btu"},"flowProperty":{"@type":"FlowProperty","@id":"f6811440-ee37-11de-8a39-0800200c9a66","name":"Energy","category":"Technical flow properties","refUnit":"MJ"}}],"socialAspects":[],"allocationFactors":[]}