{"@type":"Process","@id":"1cee1c7f-c0cd-4baa-8f61-21a30f00d409","name":"MSW combustion of Food Waste","description":"","category":"Combustion","version":"00.00.005","lastChange":"2022-02-11T19:38:47.155Z","processType":"UNIT_PROCESS","defaultAllocationMethod":"NO_ALLOCATION","isInfrastructureProcess":false,"processDocumentation":{"timeDescription":"","geographyDescription":"","technologyDescription":"","inventoryMethodDescription":"","modelingConstantsDescription":"","completenessDescription":"","dataSelectionDescription":"","dataTreatmentDescription":"","samplingDescription":"","dataCollectionDescription":"","intendedApplication":"","projectDescription":"","isCopyrightProtected":false,"restrictionsDescription":""},"lastInternalId":11,"parameters":[{"@type":"Parameter","@id":"56f72bea-2a97-4b64-b22c-6e25afeece49","name":"mass_burn_efficiency","description":"%1FALSE","version":"00.00.000","parameterScope":"PROCESS_SCOPE","isInputParameter":true,"value":0.17827700000000002},{"@type":"Parameter","@id":"4fa33a21-4f92-4a6b-be21-7c9e848bd382","name":"N2O_emission","description":"t N2O/short ton combusted. Source: Average IPCC reports","version":"00.00.000","parameterScope":"PROCESS_SCOPE","isInputParameter":true,"value":1.2304250559284119E-4},{"@type":"Parameter","@id":"b751c875-375e-41a3-82b3-80f7d971f1f3","name":"MTCO2_per_MBTU","description":"MTCO2 / MMBTU material","version":"00.00.000","parameterScope":"PROCESS_SCOPE","isInputParameter":true,"value":0.0},{"@type":"Parameter","@id":"ce610903-2de5-4001-848f-cae7b563cf79","name":"steel_recovered","description":"short ton/ short ton combusted","version":"00.00.000","parameterScope":"PROCESS_SCOPE","isInputParameter":true,"value":0.0},{"@type":"Parameter","@id":"358b21fb-aed3-4ac8-bc6a-8a883671cac9","name":"diesel_wood_chipping","description":"gallons of diesel / short ton of hardwood flooring. Source: Levis (2008), p. 231","version":"00.00.000","parameterScope":"PROCESS_SCOPE","isInputParameter":true,"value":0.0},{"@type":"Parameter","@id":"6a502b18-6e49-4a41-941d-e0a1882810af","name":"energy_content","description":"MMBTU /short ton combusted","version":"00.00.000","parameterScope":"PROCESS_SCOPE","isInputParameter":true,"value":4.74},{"@type":"Parameter","@id":"59d17d2f-6338-4197-9c8c-16cd17c5da57","name":"C_converted_to_CO2_in_combustion","version":"00.00.000","parameterScope":"PROCESS_SCOPE","isInputParameter":true,"value":0.0},{"@type":"Parameter","@id":"495f09e2-d08a-4179-9bf2-66587507879e","name":"non_biomass_C_content","description":"t C  /t combusted. Source: It is assumed that all carbon content in these materials is non-biogenic and are calculated based on the molecular formula of each resin.","version":"00.00.000","parameterScope":"PROCESS_SCOPE","isInputParameter":false,"value":0.0,"formula":"0+0"}],"exchanges":[{"@type":"Exchange","isAvoidedProduct":false,"isInput":false,"amount":1.0,"internalId":8,"flow":{"@type":"Flow","@id":"029cfd96-f5d1-4cd2-9636-c9026dfb0244","name":"Food Waste, combusted","category":"Combustion","flowType":"PRODUCT_FLOW","refUnit":"kg"},"unit":{"@type":"Unit","@id":"d4922696-9c95-4b5d-a876-425e98276978","name":"sh tn"},"flowProperty":{"@type":"FlowProperty","@id":"93a60a56-a3c8-11da-a746-0800200b9a66","name":"Mass","category":"Technical flow properties","refUnit":"kg"},"isQuantitativeReference":true},{"@type":"Exchange","isAvoidedProduct":false,"isInput":false,"amount":6.6E-4,"internalId":10,"flow":{"@type":"Flow","@id":"f45fbcf0-24f0-4ce1-b1d9-78f2ed0d5a34","name":"Jobs","category":"Economic flows","flowType":"ELEMENTARY_FLOW","refUnit":"Item(s)"},"unit":{"@type":"Unit","@id":"6dabe201-aaac-4509-92f0-d00c26cb72ab","name":"Item(s)"},"flowProperty":{"@type":"FlowProperty","@id":"730ff828-c278-4986-a25b-31436adf5d09","name":"Jobs","category":"Economic flow properties","refUnit":"Item(s)"}},{"@type":"Exchange","isAvoidedProduct":false,"isInput":false,"amount":0.0,"amountFormula":"non_biomass_C_content*C_converted_to_CO2_in_combustion*C_to_CO2/tonne_to_sh_tn","internalId":5,"flow":{"@type":"Flow","@id":"7ae371aa-8532-11e0-9d78-0800200c9a66","name":"Carbon dioxide","category":"Elementary flows/air/unspecified","flowType":"ELEMENTARY_FLOW","refUnit":"kg"},"unit":{"@type":"Unit","@id":"83192ffa-5990-490b-a23a-b45ca072db6f","name":"t"},"flowProperty":{"@type":"FlowProperty","@id":"93a60a56-a3c8-11da-a746-0800200b9a66","name":"Mass","category":"Technical flow properties","refUnit":"kg"}},{"@type":"Exchange","isAvoidedProduct":false,"isInput":true,"amount":0.0,"amountFormula":"diesel_wood_chipping","internalId":1,"flow":{"@type":"Flow","@id":"24ecda7d-7c05-45f6-94d2-005924940d26","name":"Wood chipping","category":"Other","flowType":"PRODUCT_FLOW","refUnit":"m3"},"unit":{"@type":"Unit","@id":"431df202-da83-4baa-b576-5d17f59f0c8a","name":"gal (US fl)"},"flowProperty":{"@type":"FlowProperty","@id":"93a60a56-a3c8-22da-a746-0800200c9a66","name":"Volume","category":"Technical flow properties","refUnit":"m3"}},{"@type":"Exchange","isAvoidedProduct":false,"isInput":false,"amount":1.2304250559284119E-4,"amountFormula":"N2O_emission","internalId":3,"flow":{"@type":"Flow","@id":"20185046-64bb-4c09-a8e7-e8a9e144ca98","name":"Dinitrogen monoxide","category":"Elementary flows/air/unspecified","flowType":"ELEMENTARY_FLOW","refUnit":"kg"},"unit":{"@type":"Unit","@id":"83192ffa-5990-490b-a23a-b45ca072db6f","name":"t"},"flowProperty":{"@type":"FlowProperty","@id":"93a60a56-a3c8-11da-a746-0800200b9a66","name":"Mass","category":"Technical flow properties","refUnit":"kg"}},{"@type":"Exchange","isAvoidedProduct":true,"isInput":true,"amount":247.66499999999965,"amountFormula":"energy_content*mass_burn_efficiency*MMBTU_to_kWh","internalId":7,"flow":{"@type":"Flow","@id":"6ff43b96-4ce1-4545-b60b-e29291b0da0b","name":"Electricity, at grid","category":"Utilities","flowType":"PRODUCT_FLOW","refUnit":"MJ"},"unit":{"@type":"Unit","@id":"86ad2244-1f0e-4912-af53-7865283103e4","name":"kWh"},"flowProperty":{"@type":"FlowProperty","@id":"f6811440-ee37-11de-8a39-0800200c9a66","name":"Energy","category":"Technical flow properties","refUnit":"MJ"},"defaultProvider":{"@type":"Process","@id":"c7ffaf84-2ce2-4d7d-a76a-0a08421e4073","name":"Electricity generation, at grid, National","category":"Utilities","processType":"UNIT_PROCESS","flowType":"PRODUCT_FLOW"}},{"@type":"Exchange","isAvoidedProduct":false,"isInput":false,"amount":16.01,"internalId":11,"flow":{"@type":"Flow","@id":"c9f2c667-eeab-448e-9c0c-6da04000fda6","name":"Taxes","category":"Economic flows","flowType":"ELEMENTARY_FLOW","refUnit":"USD 2002"},"unit":{"@type":"Unit","@id":"930e411f-542b-4f66-8e83-b04c303a9780","name":"USD 2002"},"flowProperty":{"@type":"FlowProperty","@id":"a1040c82-c3ac-4de0-8ac2-5aef733752b3","name":"Taxes","category":"Economic flow properties","refUnit":"USD 2002"}},{"@type":"Exchange","isAvoidedProduct":false,"isInput":true,"amount":0.0,"amountFormula":"1.0*(transport_distance_combustion-20)","internalId":4,"flow":{"@type":"Flow","@id":"efefd210-d30b-11e4-8830-0800200c9a66","name":"Transport of MSW, by truck","category":"Transport","flowType":"PRODUCT_FLOW","refUnit":"t*km"},"unit":{"@type":"Unit","@id":"cd3712b2-74a5-48cb-9a90-01bf09c4f1eb","name":"sh tn*mi"},"flowProperty":{"@type":"FlowProperty","@id":"838aaa20-0117-11db-92e3-0800200c9a66","name":"Goods transport (mass*distance)","category":"Technical flow properties","refUnit":"t*km"}},{"@type":"Exchange","isAvoidedProduct":true,"isInput":true,"amount":0.0,"amountFormula":"-steel_recovered","internalId":2,"flow":{"@type":"Flow","@id":"e3b06ae8-cedf-4bb7-a864-ff8c4c0950e9","name":"Steel, recycled","category":"Recycling","flowType":"PRODUCT_FLOW","refUnit":"kg"},"unit":{"@type":"Unit","@id":"d4922696-9c95-4b5d-a876-425e98276978","name":"sh tn"},"flowProperty":{"@type":"FlowProperty","@id":"93a60a56-a3c8-11da-a746-0800200b9a66","name":"Mass","category":"Technical flow properties","refUnit":"kg"}},{"@type":"Exchange","isAvoidedProduct":false,"isInput":false,"amount":43.15,"internalId":9,"flow":{"@type":"Flow","@id":"8c2daef6-fd94-410b-a258-7df1f02c1bce","name":"Wages","category":"Economic flows","flowType":"ELEMENTARY_FLOW","refUnit":"USD 2002"},"unit":{"@type":"Unit","@id":"930e411f-542b-4f66-8e83-b04c303a9780","name":"USD 2002"},"flowProperty":{"@type":"FlowProperty","@id":"a564e6b0-84b1-4f2e-a67f-5502dd9bf124","name":"Wages","category":"Economic flow properties","refUnit":"USD 2002"}},{"@type":"Exchange","isAvoidedProduct":false,"isInput":true,"amount":1.0,"internalId":6,"flow":{"@type":"Flow","@id":"f23ba044-51a7-4326-a42b-aec68c688788","name":"Transport of ash to landfill","category":"Transport","flowType":"PRODUCT_FLOW","refUnit":"kg"},"unit":{"@type":"Unit","@id":"d4922696-9c95-4b5d-a876-425e98276978","name":"sh tn"},"flowProperty":{"@type":"FlowProperty","@id":"93a60a56-a3c8-11da-a746-0800200b9a66","name":"Mass","category":"Technical flow properties","refUnit":"kg"}}],"socialAspects":[],"allocationFactors":[]}