{"@type":"Process","@id":"358ff795-b349-459f-97a6-596d50c299bd","name":"Transport, in product manufacturing from Steel Sheet, using 100% virgin inputs","description":"","category":"Transport/Product manufacturing/100% Virgin inputs","version":"00.00.002","lastChange":"2018-11-13T18:55:35.299Z","processType":"UNIT_PROCESS","isInfrastructureProcess":false,"location":{"@type":"Location","@id":"0b3b97fa-6688-3c56-88ee-4ae80ec0c3c2","name":"United States"},"processDocumentation":{"timeDescription":"","geographyDescription":"","technologyDescription":"","inventoryMethodDescription":"","modelingConstantsDescription":"","completenessDescription":"","dataSelectionDescription":"","dataTreatmentDescription":"","samplingDescription":"","dataCollectionDescription":"","intendedApplication":"","projectDescription":"","isCopyrightProtected":false,"restrictionsDescription":""},"lastInternalId":4,"parameters":[{"@type":"Parameter","@id":"d21dcbf9-dff9-4fe9-ab22-18b79e18081d","name":"CH4_transport_virgin","description":"t/MMBTU","version":"00.00.000","parameterScope":"PROCESS_SCOPE","isInputParameter":true,"value":2.5283113667E-5},{"@type":"Parameter","@id":"7ac16dee-aada-4dc7-a526-80ef73631690","name":"CO2_transport_virgin","description":"t/MMBTU","version":"00.00.000","parameterScope":"PROCESS_SCOPE","isInputParameter":true,"value":0.0720529930190803}],"exchanges":[{"@type":"Exchange","isAvoidedProduct":false,"isInput":false,"amount":1000000.0,"internalId":1,"flow":{"@type":"Flow","@id":"6540d456-c77a-47a3-9a1a-c6fd66bd7d66","name":"Transport, in product manufacturing from Steel Sheet, using 100% virgin inputs","category":"Transport/Product manufacturing/100% Virgin inputs","flowType":"PRODUCT_FLOW","refUnit":"MJ"},"unit":{"@type":"Unit","@id":"55244053-94ba-404e-9172-cb279d905e00","name":"btu"},"flowProperty":{"@type":"FlowProperty","@id":"f6811440-ee37-11de-8a39-0800200c9a66","name":"Energy","category":"Technical flow properties","refUnit":"MJ"},"isQuantitativeReference":true},{"@type":"Exchange","isAvoidedProduct":false,"isInput":false,"amount":2.5283113667E-5,"amountFormula":"CH4_transport_virgin","internalId":3,"flow":{"@type":"Flow","@id":"20408dd1-8534-11e0-9d78-0800200c9a66","name":"Methane","category":"Elementary flows/air/unspecified","flowType":"ELEMENTARY_FLOW","refUnit":"kg"},"unit":{"@type":"Unit","@id":"83192ffa-5990-490b-a23a-b45ca072db6f","name":"t"},"flowProperty":{"@type":"FlowProperty","@id":"93a60a56-a3c8-11da-a746-0800200b9a66","name":"Mass","category":"Technical flow properties","refUnit":"kg"}},{"@type":"Exchange","isAvoidedProduct":false,"isInput":false,"amount":0.0720529930190803,"amountFormula":"CO2_transport_virgin","internalId":2,"flow":{"@type":"Flow","@id":"7ae371aa-8532-11e0-9d78-0800200c9a66","name":"Carbon dioxide","category":"Elementary flows/air/unspecified","flowType":"ELEMENTARY_FLOW","refUnit":"kg"},"unit":{"@type":"Unit","@id":"83192ffa-5990-490b-a23a-b45ca072db6f","name":"t"},"flowProperty":{"@type":"FlowProperty","@id":"93a60a56-a3c8-11da-a746-0800200b9a66","name":"Mass","category":"Technical flow properties","refUnit":"kg"}},{"@type":"Exchange","isAvoidedProduct":false,"isInput":true,"amount":1000000.0,"internalId":4,"flow":{"@type":"Flow","@id":"3e756464-b439-4b1e-8e4b-64e2173cc5ce","name":"Energy, unspecified","category":"Elementary flows/resource/unspecified","flowType":"ELEMENTARY_FLOW","refUnit":"MJ"},"unit":{"@type":"Unit","@id":"55244053-94ba-404e-9172-cb279d905e00","name":"btu"},"flowProperty":{"@type":"FlowProperty","@id":"f6811440-ee37-11de-8a39-0800200c9a66","name":"Energy","category":"Technical flow properties","refUnit":"MJ"}}],"socialAspects":[],"allocationFactors":[]}