{"@type":"Process","@id":"6c55c26d-5a28-4724-b9c0-52bdfc18eaf4","name":"Process energy, for product manufacturing from PP, using 100% recycled inputs","description":"","category":"Utilities/Process energy/100% Recycled inputs","version":"00.00.003","lastChange":"2020-10-23T16:47:28.491Z","processType":"UNIT_PROCESS","isInfrastructureProcess":false,"location":{"@type":"Location","@id":"0b3b97fa-6688-3c56-88ee-4ae80ec0c3c2","name":"United States"},"processDocumentation":{"timeDescription":"","geographyDescription":"","technologyDescription":"","inventoryMethodDescription":"","modelingConstantsDescription":"","completenessDescription":"","dataSelectionDescription":"","dataTreatmentDescription":"","samplingDescription":"","dataCollectionDescription":"","intendedApplication":"","projectDescription":"","isCopyrightProtected":false,"restrictionsDescription":""},"lastInternalId":4,"parameters":[{"@type":"Parameter","@id":"128e3e27-6988-4ee6-a963-0c85a5500d53","name":"CH4_energy_recycled","description":"t/MMBTU","version":"00.00.000","parameterScope":"PROCESS_SCOPE","isInputParameter":true,"value":8.73028E-5},{"@type":"Parameter","@id":"795630a2-2401-407e-8fb5-a8e804082d97","name":"CO2_energy_recycled","description":"t/MMBTU","version":"00.00.000","parameterScope":"PROCESS_SCOPE","isInputParameter":true,"value":0.046686469}],"exchanges":[{"@type":"Exchange","isAvoidedProduct":false,"isInput":false,"amount":1000000.0,"internalId":1,"flow":{"@type":"Flow","@id":"1a4af541-b7e7-42cc-8880-49c72ab8790d","name":"Process energy, for product manufacturing from PP, using 100% recycled inputs","category":"Utilities/Process energy/100% Recycled inputs","flowType":"PRODUCT_FLOW","refUnit":"MJ"},"unit":{"@type":"Unit","@id":"55244053-94ba-404e-9172-cb279d905e00","name":"btu"},"flowProperty":{"@type":"FlowProperty","@id":"f6811440-ee37-11de-8a39-0800200c9a66","name":"Energy","category":"Technical flow properties","refUnit":"MJ"},"isQuantitativeReference":true},{"@type":"Exchange","isAvoidedProduct":false,"isInput":false,"amount":0.046686469,"amountFormula":"CO2_energy_recycled","internalId":3,"flow":{"@type":"Flow","@id":"7ae371aa-8532-11e0-9d78-0800200c9a66","name":"Carbon dioxide","category":"Elementary flows/air/unspecified","flowType":"ELEMENTARY_FLOW","refUnit":"kg"},"unit":{"@type":"Unit","@id":"83192ffa-5990-490b-a23a-b45ca072db6f","name":"t"},"flowProperty":{"@type":"FlowProperty","@id":"93a60a56-a3c8-11da-a746-0800200b9a66","name":"Mass","category":"Technical flow properties","refUnit":"kg"}},{"@type":"Exchange","isAvoidedProduct":false,"isInput":true,"amount":1000000.0,"internalId":4,"flow":{"@type":"Flow","@id":"3e756464-b439-4b1e-8e4b-64e2173cc5ce","name":"Energy, unspecified","category":"Elementary flows/resource/unspecified","flowType":"ELEMENTARY_FLOW","refUnit":"MJ"},"unit":{"@type":"Unit","@id":"55244053-94ba-404e-9172-cb279d905e00","name":"btu"},"flowProperty":{"@type":"FlowProperty","@id":"f6811440-ee37-11de-8a39-0800200c9a66","name":"Energy","category":"Technical flow properties","refUnit":"MJ"}},{"@type":"Exchange","isAvoidedProduct":false,"isInput":false,"amount":8.73028E-5,"amountFormula":"CH4_energy_recycled","internalId":2,"flow":{"@type":"Flow","@id":"20408dd1-8534-11e0-9d78-0800200c9a66","name":"Methane","category":"Elementary flows/air/unspecified","flowType":"ELEMENTARY_FLOW","refUnit":"kg"},"unit":{"@type":"Unit","@id":"83192ffa-5990-490b-a23a-b45ca072db6f","name":"t"},"flowProperty":{"@type":"FlowProperty","@id":"93a60a56-a3c8-11da-a746-0800200b9a66","name":"Mass","category":"Technical flow properties","refUnit":"kg"}}],"socialAspects":[],"allocationFactors":[]}