{"@type":"Process","@id":"6fd770b7-612c-4b47-a0ec-823360e508b9","name":"MSW source reduction of Aluminum Ingot","description":"","category":"Source reduction","version":"00.00.000","processType":"UNIT_PROCESS","isInfrastructureProcess":false,"location":{"@type":"Location","@id":"0b3b97fa-6688-3c56-88ee-4ae80ec0c3c2","name":"United States"},"processDocumentation":{"timeDescription":"","geographyDescription":"","technologyDescription":"","inventoryMethodDescription":"","modelingConstantsDescription":"","completenessDescription":"","dataSelectionDescription":"","dataTreatmentDescription":"","samplingDescription":"","dataCollectionDescription":"","intendedApplication":"","projectDescription":"","isCopyrightProtected":false,"restrictionsDescription":""},"lastInternalId":3,"parameters":[{"@type":"Parameter","@id":"2de41649-c4f6-40cb-88b4-9e82910f3ba6","name":"recycled_inputs","version":"00.00.000","parameterScope":"PROCESS_SCOPE","isInputParameter":true,"value":0.0}],"exchanges":[{"@type":"Exchange","isAvoidedProduct":false,"isInput":false,"amount":1.0,"internalId":1,"flow":{"@type":"Flow","@id":"e69ac5e3-e691-42e1-9fe5-2e095be37c94","name":"Aluminum Ingot, source reduced","category":"Source reduction","flowType":"PRODUCT_FLOW","refUnit":"kg"},"unit":{"@type":"Unit","@id":"d4922696-9c95-4b5d-a876-425e98276978","name":"sh tn"},"flowProperty":{"@type":"FlowProperty","@id":"93a60a56-a3c8-11da-a746-0800200b9a66","name":"Mass","category":"Technical flow properties","refUnit":"kg"},"isQuantitativeReference":true},{"@type":"Exchange","isAvoidedProduct":false,"isInput":true,"amount":0.0,"amountFormula":"-recycled_inputs*source_reduction","internalId":3,"flow":{"@type":"Flow","@id":"c93f74ab-c6b7-4170-819b-0813ecf38d44","name":"Product manufactured, from Aluminum Ingot, using 100% recycled inputs","category":"Product manufactured/100% Recycled inputs","flowType":"PRODUCT_FLOW","refUnit":"kg"},"unit":{"@type":"Unit","@id":"d4922696-9c95-4b5d-a876-425e98276978","name":"sh tn"},"flowProperty":{"@type":"FlowProperty","@id":"93a60a56-a3c8-11da-a746-0800200b9a66","name":"Mass","category":"Technical flow properties","refUnit":"kg"}},{"@type":"Exchange","isAvoidedProduct":false,"isInput":true,"amount":1.0,"amountFormula":"-(1-recycled_inputs*source_reduction)","internalId":2,"flow":{"@type":"Flow","@id":"37fca0eb-b40c-43ae-8716-7c9348a6b46e","name":"Product manufactured, from Aluminum Ingot, using 100% virgin inputs","category":"Product manufactured/100% Virgin inputs","flowType":"PRODUCT_FLOW","refUnit":"kg"},"unit":{"@type":"Unit","@id":"d4922696-9c95-4b5d-a876-425e98276978","name":"sh tn"},"flowProperty":{"@type":"FlowProperty","@id":"93a60a56-a3c8-11da-a746-0800200b9a66","name":"Mass","category":"Technical flow properties","refUnit":"kg"}}],"socialAspects":[],"allocationFactors":[]}