{"@type":"Process","@id":"7069e03f-f3f4-4b04-9791-42db4ffda6db","name":"Product manufacturing, from Portable Electronic Devices, using 100% virgin inputs","description":"","category":"Product manufacturing/100% Virgin inputs","version":"00.00.004","lastChange":"2019-04-08T15:56:56.198Z","processType":"UNIT_PROCESS","isInfrastructureProcess":false,"location":{"@type":"Location","@id":"0b3b97fa-6688-3c56-88ee-4ae80ec0c3c2","name":"United States"},"processDocumentation":{"creationDate":"2018-10-26T20:27:04.985Z","isCopyrightProtected":false},"lastInternalId":10,"parameters":[{"@type":"Parameter","@id":"0942340e-f6ac-43e5-9df6-f822d011b894","name":"copper_content","description":"%","version":"00.00.000","parameterScope":"PROCESS_SCOPE","isInputParameter":true,"value":0.0208976900340278},{"@type":"Parameter","@id":"2929c139-cff4-4610-a0f0-10aa2cd25ea5","name":"other_metals_content","description":"%","version":"00.00.000","parameterScope":"PROCESS_SCOPE","isInputParameter":true,"value":0.0388824107487951},{"@type":"Parameter","@id":"4a58d410-60b8-466f-95d4-67a397e9716c","name":"battery_content","description":"%","version":"00.00.000","parameterScope":"PROCESS_SCOPE","isInputParameter":true,"value":0.175666124247402},{"@type":"Parameter","@id":"73485d97-c87e-4bb8-a984-cc6dc0560c52","name":"plastic_content","description":"%","version":"00.00.000","parameterScope":"PROCESS_SCOPE","isInputParameter":true,"value":0.26988469864318},{"@type":"Parameter","@id":"1deab064-e3ba-4459-ac80-df567be3ab9b","name":"printed_circuit_board_content","description":"%","version":"00.00.000","parameterScope":"PROCESS_SCOPE","isInputParameter":true,"value":0.137674230188785},{"@type":"Parameter","@id":"24919726-cfb5-4b5b-a525-114fb160c471","name":"flat_panel_display_module_content","description":"%","version":"00.00.000","parameterScope":"PROCESS_SCOPE","isInputParameter":true,"value":0.164325451441095},{"@type":"Parameter","@id":"d7254704-8dec-42cc-a830-2f1beae3b265","name":"ferrous_metal_content","description":"%","version":"00.00.000","parameterScope":"PROCESS_SCOPE","isInputParameter":true,"value":0.0731611022856452},{"@type":"Parameter","@id":"6517a8d5-5858-489f-af2d-3500133ca571","name":"distance_to_retailer","description":"miles","version":"00.00.000","parameterScope":"PROCESS_SCOPE","isInputParameter":true,"value":992.0},{"@type":"Parameter","@id":"a787becd-7286-4841-9b42-291b6bb71c47","name":"aluminum_content","description":"%","version":"00.00.000","parameterScope":"PROCESS_SCOPE","isInputParameter":true,"value":0.11950829241107}],"exchanges":[{"@type":"Exchange","isAvoidedProduct":false,"isInput":false,"amount":1.0,"internalId":1,"flow":{"@type":"Flow","@id":"a353c643-b415-4bb5-8cac-c081a7b4890a","name":"Product manufactured, from Portable Electronic Devices, using 100% virgin inputs","category":"Product manufactured/100% Virgin inputs","flowType":"PRODUCT_FLOW","refUnit":"kg"},"unit":{"@type":"Unit","@id":"d4922696-9c95-4b5d-a876-425e98276978","name":"sh tn"},"flowProperty":{"@type":"FlowProperty","@id":"93a60a56-a3c8-11da-a746-0800200b9a66","name":"Mass","category":"Technical flow properties","refUnit":"kg"},"isQuantitativeReference":true},{"@type":"Exchange","isAvoidedProduct":false,"isInput":true,"amount":0.137674230188785,"amountFormula":"printed_circuit_board_content","internalId":6,"flow":{"@type":"Flow","@id":"56e254f6-747c-4fac-9012-f5d569a02e3d","name":"Product manufactured, from Printed Circuit Board, using 100% virgin inputs","category":"Product manufactured/100% Virgin inputs","flowType":"PRODUCT_FLOW","refUnit":"kg"},"unit":{"@type":"Unit","@id":"d4922696-9c95-4b5d-a876-425e98276978","name":"sh tn"},"flowProperty":{"@type":"FlowProperty","@id":"93a60a56-a3c8-11da-a746-0800200b9a66","name":"Mass","category":"Technical flow properties","refUnit":"kg"}},{"@type":"Exchange","isAvoidedProduct":false,"isInput":true,"amount":0.0388824107487951,"amountFormula":"other_metals_content","internalId":7,"flow":{"@type":"Flow","@id":"951979d2-4a48-406b-8e6f-d7d45d508241","name":"Product manufactured, from Other Metals (Electronics), using 100% virgin inputs","category":"Product manufactured/100% Virgin inputs","flowType":"PRODUCT_FLOW","refUnit":"kg"},"unit":{"@type":"Unit","@id":"d4922696-9c95-4b5d-a876-425e98276978","name":"sh tn"},"flowProperty":{"@type":"FlowProperty","@id":"93a60a56-a3c8-11da-a746-0800200b9a66","name":"Mass","category":"Technical flow properties","refUnit":"kg"}},{"@type":"Exchange","isAvoidedProduct":false,"isInput":true,"amount":0.11950829241107,"amountFormula":"aluminum_content","internalId":3,"flow":{"@type":"Flow","@id":"cf4d4a18-5bf7-41a3-a726-ca58fc62e3f0","name":"Product manufactured, from Aluminum (Electronics), using 100% virgin inputs","category":"Product manufactured/100% Virgin inputs","flowType":"PRODUCT_FLOW","refUnit":"kg"},"unit":{"@type":"Unit","@id":"d4922696-9c95-4b5d-a876-425e98276978","name":"sh tn"},"flowProperty":{"@type":"FlowProperty","@id":"93a60a56-a3c8-11da-a746-0800200b9a66","name":"Mass","category":"Technical flow properties","refUnit":"kg"}},{"@type":"Exchange","isAvoidedProduct":false,"isInput":true,"amount":0.164325451441095,"amountFormula":"flat_panel_display_module_content","internalId":5,"flow":{"@type":"Flow","@id":"ed8dca77-2312-4e19-8ad2-ec90ab985544","name":"Product manufactured, from Flat Panel Display Module, using 100% virgin inputs","category":"Product manufactured/100% Virgin inputs","flowType":"PRODUCT_FLOW","refUnit":"kg"},"unit":{"@type":"Unit","@id":"d4922696-9c95-4b5d-a876-425e98276978","name":"sh tn"},"flowProperty":{"@type":"FlowProperty","@id":"93a60a56-a3c8-11da-a746-0800200b9a66","name":"Mass","category":"Technical flow properties","refUnit":"kg"}},{"@type":"Exchange","isAvoidedProduct":false,"isInput":true,"amount":0.26988469864318,"amountFormula":"plastic_content","internalId":8,"flow":{"@type":"Flow","@id":"5f9499a5-2f16-414f-87e3-9eca0549d5c4","name":"Product manufactured, from Plastic (Electronics), using 100% virgin inputs","category":"Product manufactured/100% Virgin inputs","flowType":"PRODUCT_FLOW","refUnit":"kg"},"unit":{"@type":"Unit","@id":"d4922696-9c95-4b5d-a876-425e98276978","name":"sh tn"},"flowProperty":{"@type":"FlowProperty","@id":"93a60a56-a3c8-11da-a746-0800200b9a66","name":"Mass","category":"Technical flow properties","refUnit":"kg"}},{"@type":"Exchange","isAvoidedProduct":false,"isInput":true,"amount":0.175666124247402,"amountFormula":"battery_content","internalId":10,"flow":{"@type":"Flow","@id":"f4dc3504-c057-4bd1-afcc-51dd07e75f46","name":"Product manufactured, from Battery, using 100% virgin inputs","category":"Product manufactured/100% Virgin inputs","flowType":"PRODUCT_FLOW","refUnit":"kg"},"unit":{"@type":"Unit","@id":"d4922696-9c95-4b5d-a876-425e98276978","name":"sh tn"},"flowProperty":{"@type":"FlowProperty","@id":"93a60a56-a3c8-11da-a746-0800200b9a66","name":"Mass","category":"Technical flow properties","refUnit":"kg"}},{"@type":"Exchange","isAvoidedProduct":false,"isInput":true,"amount":0.0731611022856452,"amountFormula":"ferrous_metal_content","internalId":4,"flow":{"@type":"Flow","@id":"764be43f-1fc0-4d31-bae7-f4bbced772f5","name":"Product manufactured, from Ferrous Metal, using 100% virgin inputs","category":"Product manufactured/100% Virgin inputs","flowType":"PRODUCT_FLOW","refUnit":"kg"},"unit":{"@type":"Unit","@id":"d4922696-9c95-4b5d-a876-425e98276978","name":"sh tn"},"flowProperty":{"@type":"FlowProperty","@id":"93a60a56-a3c8-11da-a746-0800200b9a66","name":"Mass","category":"Technical flow properties","refUnit":"kg"}},{"@type":"Exchange","isAvoidedProduct":false,"isInput":true,"amount":0.0208976900340278,"amountFormula":"copper_content","internalId":9,"flow":{"@type":"Flow","@id":"d85f2c0b-d770-4f82-a856-3c466d2804bd","name":"Product manufactured, from Copper (Electronics), using 100% virgin inputs","category":"Product manufactured/100% Virgin inputs","flowType":"PRODUCT_FLOW","refUnit":"kg"},"unit":{"@type":"Unit","@id":"d4922696-9c95-4b5d-a876-425e98276978","name":"sh tn"},"flowProperty":{"@type":"FlowProperty","@id":"93a60a56-a3c8-11da-a746-0800200b9a66","name":"Mass","category":"Technical flow properties","refUnit":"kg"}},{"@type":"Exchange","isAvoidedProduct":false,"isInput":true,"amount":992.0,"amountFormula":"1*distance_to_retailer","internalId":2,"flow":{"@type":"Flow","@id":"2de075bf-79e2-4d96-8942-44e852ac68e9","name":"Transport of manufactured products, to retailer","category":"Transport","flowType":"PRODUCT_FLOW","refUnit":"t*km"},"unit":{"@type":"Unit","@id":"cd3712b2-74a5-48cb-9a90-01bf09c4f1eb","name":"sh tn*mi"},"flowProperty":{"@type":"FlowProperty","@id":"838aaa20-0117-11db-92e3-0800200c9a66","name":"Goods transport (mass*distance)","category":"Technical flow properties","refUnit":"t*km"}}],"socialAspects":[],"allocationFactors":[]}