{"@type":"Process","@id":"7117baab-3689-49d1-98f5-0def54ae5605","name":"Distillate oil for AD, consumption","description":"","category":"Transport","version":"00.00.001","lastChange":"2017-05-23T16:13:43.795Z","processType":"UNIT_PROCESS","isInfrastructureProcess":false,"processDocumentation":{"timeDescription":"","geographyDescription":"","technologyDescription":"","inventoryMethodDescription":"","modelingConstantsDescription":"","completenessDescription":"","dataSelectionDescription":"","dataTreatmentDescription":"","samplingDescription":"","dataCollectionDescription":"","intendedApplication":"","projectDescription":"","isCopyrightProtected":false,"restrictionsDescription":""},"lastInternalId":4,"parameters":[{"@type":"Parameter","@id":"db284c37-a8e4-43f7-8f95-33a89c726ea7","name":"energy_content_distillate_AD","description":"MMBTU/gal diesel","version":"00.00.000","parameterScope":"PROCESS_SCOPE","isInputParameter":true,"value":0.139},{"@type":"Parameter","@id":"7b44864d-ec49-476b-8410-427bc0dd4383","name":"pre_combustion_scale_up_factor_distillate","description":"%1.","version":"00.00.000","parameterScope":"PROCESS_SCOPE","isInputParameter":true,"value":1.14460431654676}],"exchanges":[{"@type":"Exchange","isAvoidedProduct":false,"isInput":false,"amount":1.0,"internalId":1,"flow":{"@type":"Flow","@id":"00e3b14f-88b3-4e54-a383-670c16758d89","name":"Distillate oil","category":"Transport/Fuels","flowType":"PRODUCT_FLOW","refUnit":"m3"},"unit":{"@type":"Unit","@id":"431df202-da83-4baa-b576-5d17f59f0c8a","name":"gal (US fl)"},"flowProperty":{"@type":"FlowProperty","@id":"93a60a56-a3c8-22da-a746-0800200c9a66","name":"Volume","category":"Technical flow properties","refUnit":"m3"},"isQuantitativeReference":true},{"@type":"Exchange","isAvoidedProduct":false,"isInput":false,"amount":0.011698421689295696,"amountFormula":"pre_combustion_scale_up_factor_distillate*energy_content_distillate_AD*(C_content_distillate*C_to_CO2/1000-(fugitive_CH4_distillate*GWP_CH4))","internalId":3,"flow":{"@type":"Flow","@id":"7ae371aa-8532-11e0-9d78-0800200c9a66","name":"Carbon dioxide","category":"Elementary flows/air/unspecified","flowType":"ELEMENTARY_FLOW","refUnit":"kg"},"unit":{"@type":"Unit","@id":"83192ffa-5990-490b-a23a-b45ca072db6f","name":"t"},"flowProperty":{"@type":"FlowProperty","@id":"93a60a56-a3c8-11da-a746-0800200b9a66","name":"Mass","category":"Technical flow properties","refUnit":"kg"}},{"@type":"Exchange","isAvoidedProduct":false,"isInput":true,"amount":159099.99999999965,"amountFormula":"pre_combustion_scale_up_factor_distillate*energy_content_distillate_AD*1000000","internalId":2,"flow":{"@type":"Flow","@id":"3e756464-b439-4b1e-8e4b-64e2173cc5ce","name":"Energy, unspecified","category":"Elementary flows/resource/unspecified","flowType":"ELEMENTARY_FLOW","refUnit":"MJ"},"unit":{"@type":"Unit","@id":"55244053-94ba-404e-9172-cb279d905e00","name":"btu"},"flowProperty":{"@type":"FlowProperty","@id":"f6811440-ee37-11de-8a39-0800200c9a66","name":"Energy","category":"Technical flow properties","refUnit":"MJ"}},{"@type":"Exchange","isAvoidedProduct":false,"isInput":false,"amount":2.723359094838279E-6,"amountFormula":"pre_combustion_scale_up_factor_distillate*energy_content_distillate_AD*fugitive_CH4_distillate","internalId":4,"flow":{"@type":"Flow","@id":"20408dd1-8534-11e0-9d78-0800200c9a66","name":"Methane","category":"Elementary flows/air/unspecified","flowType":"ELEMENTARY_FLOW","refUnit":"kg"},"unit":{"@type":"Unit","@id":"83192ffa-5990-490b-a23a-b45ca072db6f","name":"t"},"flowProperty":{"@type":"FlowProperty","@id":"93a60a56-a3c8-11da-a746-0800200b9a66","name":"Mass","category":"Technical flow properties","refUnit":"kg"}}],"socialAspects":[],"allocationFactors":[]}