{"@type":"Process","@id":"71ca402a-3049-4b82-ac54-05ffe4b0c164","name":"Process energy, for product manufacturing from Office Paper, using 100% virgin inputs","description":"","category":"Utilities/Process energy/100% Virgin inputs","version":"00.00.002","lastChange":"2018-11-13T19:57:50.685Z","processType":"UNIT_PROCESS","isInfrastructureProcess":false,"location":{"@type":"Location","@id":"0b3b97fa-6688-3c56-88ee-4ae80ec0c3c2","name":"United States"},"processDocumentation":{"timeDescription":"","geographyDescription":"","technologyDescription":"","inventoryMethodDescription":"","modelingConstantsDescription":"","completenessDescription":"","dataSelectionDescription":"","dataTreatmentDescription":"","samplingDescription":"","dataCollectionDescription":"","intendedApplication":"","projectDescription":"","isCopyrightProtected":false,"restrictionsDescription":""},"lastInternalId":4,"parameters":[{"@type":"Parameter","@id":"3829486a-4a80-47e5-8c69-33ef5bf2ef72","name":"CO2_energy_virgin","description":"t/MMBTU","version":"00.00.000","parameterScope":"PROCESS_SCOPE","isInputParameter":true,"value":0.0239902722676698},{"@type":"Parameter","@id":"f85f3009-df63-43f2-a8f8-c5b36ba78026","name":"CH4_energy_virgin","description":"t/MMBTU","version":"00.00.000","parameterScope":"PROCESS_SCOPE","isInputParameter":true,"value":4.19657343089746E-5}],"exchanges":[{"@type":"Exchange","isAvoidedProduct":false,"isInput":false,"amount":1000000.0,"internalId":1,"flow":{"@type":"Flow","@id":"45fb0efc-68f3-4fa6-8506-fab38390577d","name":"Process energy, for product manufacturing from Office Paper, using 100% virgin inputs","category":"Utilities/Process energy/100% Virgin inputs","flowType":"PRODUCT_FLOW","refUnit":"MJ"},"unit":{"@type":"Unit","@id":"55244053-94ba-404e-9172-cb279d905e00","name":"btu"},"flowProperty":{"@type":"FlowProperty","@id":"f6811440-ee37-11de-8a39-0800200c9a66","name":"Energy","category":"Technical flow properties","refUnit":"MJ"},"isQuantitativeReference":true},{"@type":"Exchange","isAvoidedProduct":false,"isInput":false,"amount":0.0239902722676698,"amountFormula":"CO2_energy_virgin","internalId":2,"flow":{"@type":"Flow","@id":"7ae371aa-8532-11e0-9d78-0800200c9a66","name":"Carbon dioxide","category":"Elementary flows/air/unspecified","flowType":"ELEMENTARY_FLOW","refUnit":"kg"},"unit":{"@type":"Unit","@id":"83192ffa-5990-490b-a23a-b45ca072db6f","name":"t"},"flowProperty":{"@type":"FlowProperty","@id":"93a60a56-a3c8-11da-a746-0800200b9a66","name":"Mass","category":"Technical flow properties","refUnit":"kg"}},{"@type":"Exchange","isAvoidedProduct":false,"isInput":true,"amount":1000000.0,"internalId":4,"flow":{"@type":"Flow","@id":"3e756464-b439-4b1e-8e4b-64e2173cc5ce","name":"Energy, unspecified","category":"Elementary flows/resource/unspecified","flowType":"ELEMENTARY_FLOW","refUnit":"MJ"},"unit":{"@type":"Unit","@id":"55244053-94ba-404e-9172-cb279d905e00","name":"btu"},"flowProperty":{"@type":"FlowProperty","@id":"f6811440-ee37-11de-8a39-0800200c9a66","name":"Energy","category":"Technical flow properties","refUnit":"MJ"}},{"@type":"Exchange","isAvoidedProduct":false,"isInput":false,"amount":4.19657343089746E-5,"amountFormula":"CH4_energy_virgin","internalId":3,"flow":{"@type":"Flow","@id":"20408dd1-8534-11e0-9d78-0800200c9a66","name":"Methane","category":"Elementary flows/air/unspecified","flowType":"ELEMENTARY_FLOW","refUnit":"kg"},"unit":{"@type":"Unit","@id":"83192ffa-5990-490b-a23a-b45ca072db6f","name":"t"},"flowProperty":{"@type":"FlowProperty","@id":"93a60a56-a3c8-11da-a746-0800200b9a66","name":"Mass","category":"Technical flow properties","refUnit":"kg"}}],"socialAspects":[],"allocationFactors":[]}