{"@type":"Process","@id":"786d54da-20a8-4667-b564-aa2da181a8ae","name":"Anaerobic digestion of Bread; Wet digestion, Not cured","description":"","category":"Anaerobic digestion/Wet digestion/Not cured","version":"00.00.012","lastChange":"2025-06-10T19:25:00.760Z","processType":"UNIT_PROCESS","defaultAllocationMethod":"NO_ALLOCATION","isInfrastructureProcess":false,"location":{"@type":"Location","@id":"0b3b97fa-6688-3c56-88ee-4ae80ec0c3c2","name":"United States"},"processDocumentation":{"timeDescription":"","geographyDescription":"","technologyDescription":"","inventoryMethodDescription":"","modelingConstantsDescription":"","completenessDescription":"","dataSelectionDescription":"","dataTreatmentDescription":"","samplingDescription":"","dataCollectionDescription":"","intendedApplication":"","projectDescription":"","isCopyrightProtected":false,"restrictionsDescription":""},"lastInternalId":11,"parameters":[{"@type":"Parameter","@id":"ded6bac5-dd31-4207-835b-a9f9567f0339","name":"N_initial_content","description":"%TS","version":"00.00.000","parameterScope":"PROCESS_SCOPE","isInputParameter":true,"value":0.038},{"@type":"Parameter","@id":"fbef9350-886c-428e-a6ed-3cde5f68e04a","name":"CH4_VolGen","description":"m3/Mg","version":"00.00.000","parameterScope":"PROCESS_SCOPE","isInputParameter":false,"value":92.3238,"formula":"CH4_yield_reached*(1-moisture_content)*Yield_CH4"},{"@type":"Parameter","@id":"8799ebb3-d4d5-4232-b7ee-37e1f786a720","name":"Mass_C_Compost","description":"kg C","version":"00.00.000","parameterScope":"PROCESS_SCOPE","isInputParameter":false,"value":38.542187951807236,"formula":"Mass_C_Digest-Mass_C_Cureloss"},{"@type":"Parameter","@id":"fb24c99a-8b21-489b-b4d4-b133adda3898","name":"WindTurn_Fuel","description":"L/Mg  Source:  \"Boldrin et al. (2009) Assumed 1/3 of 3L used for curing.","version":"00.00.000","parameterScope":"PROCESS_SCOPE","isInputParameter":true,"value":1.0},{"@type":"Parameter","@id":"646700a3-c838-4e11-852d-1f4b9e0cfdd5","name":"Cure_PerN2O","description":"%  Source:  \"Average for open biowaste systems from Boldrin et al. (2009)","version":"00.00.000","parameterScope":"PROCESS_SCOPE","isInputParameter":true,"value":0.01},{"@type":"Parameter","@id":"8ba5cb18-5197-4abe-bc0a-08beec23e17a","name":"Per_leak","description":"%1. Source: WERF, 2012; Sanscartier et al. 2012 reports (2-5%)","version":"00.00.000","parameterScope":"PROCESS_SCOPE","isInputParameter":true,"value":0.02},{"@type":"Parameter","@id":"30516fcc-56ae-4a9a-b08c-591050422269","name":"Dsl_tot","description":"L/Mg","version":"00.00.000","parameterScope":"PROCESS_SCOPE","isInputParameter":false,"value":2.0699663999999993,"formula":"(diesel_digestate_transport+dsl_dig_spread)*TotMass_Digest+House_Diesel_Wet"},{"@type":"Parameter","@id":"be16014a-2ac9-4c0c-9d1d-c2fbbc67651a","name":"NFert_GHG","description":"kg CO2e/kg N   Source:  \"Boldrin et al. (2009)","version":"00.00.000","parameterScope":"PROCESS_SCOPE","isInputParameter":true,"value":8.9},{"@type":"Parameter","@id":"afb8afc9-343f-4bc7-a941-d1b740d0b973","name":"Mass_C_Applied","description":"kg C","version":"00.00.000","parameterScope":"PROCESS_SCOPE","isInputParameter":false,"value":38.542187951807236,"formula":"Mass_C_Digest"},{"@type":"Parameter","@id":"955b3a79-9751-4988-b53f-a50e8f084b57","name":"Leachate_treatment","description":"MT CO2e/short ton","version":"00.00.000","parameterScope":"PROCESS_SCOPE","isInputParameter":false,"value":0.006137745002328586,"formula":"Leach_trt*Leach_GHG_intensity/1000000*sh_tn"},{"@type":"Parameter","@id":"64e0ce8e-c86b-4ce3-bfa0-53a9ffb98ffa","name":"ElecGen","description":"kWh/Mg","version":"00.00.000","parameterScope":"PROCESS_SCOPE","isInputParameter":false,"value":221.73835935803226,"formula":"EnergyGen*elec_gen_eff*1/kWh"},{"@type":"Parameter","@id":"6497a206-23fe-4f4b-bf24-6d15a5a277b8","name":"leach_GHG_Intensity","description":"kg CO2e/Mg ecoinvent v3.1 - treatment of wastewater from anaerobic digestion of whey, capacity 1E9l/year, RoW,","version":"00.00.000","parameterScope":"PROCESS_SCOPE","isInputParameter":true,"value":27.157},{"@type":"Parameter","@id":"ef8eb9a7-97bb-4445-bc06-e53eb3bae360","name":"Per_flare","description":"%1. Source: U.S. EPA 2013. LMOP Benefits Calculator","version":"00.00.000","parameterScope":"PROCESS_SCOPE","isInputParameter":true,"value":0.15},{"@type":"Parameter","@id":"7098e008-ffe1-4323-9d2f-d9e2460e9a52","name":"Mass_CurSolLoss","description":"Mg","version":"00.00.000","parameterScope":"PROCESS_SCOPE","isInputParameter":false,"value":0.0,"formula":"Mole_C_CureLoss*Cure_VSLossPerC/1000000"},{"@type":"Parameter","@id":"4fdd47c7-6147-48f2-b378-e350f3e35b0b","name":"moisture_content_dewater_wet","description":"%ww  Metcalf and Eddy (2003)","version":"00.00.000","parameterScope":"PROCESS_SCOPE","isInputParameter":true,"value":0.76},{"@type":"Parameter","@id":"3898d6eb-2a64-4e66-bf76-edcf5623f240","name":"Dewater_elec","description":"kWh/Mg TS  Source: Niu, D. et al. 2013.","version":"00.00.000","parameterScope":"PROCESS_SCOPE","isInputParameter":true,"value":75.0},{"@type":"Parameter","@id":"75ebc14b-4a55-4a80-b58d-baebb895305c","name":"dsl_dig_spread","description":"L/Mg  Source:  \"Berglund \u0026 Börjesson (2006); Arsova (2012)","version":"00.00.000","parameterScope":"PROCESS_SCOPE","isInputParameter":true,"value":0.47},{"@type":"Parameter","@id":"f599bdd5-0b4b-42d9-a6b4-e17f111834af","name":"Cure_Nloss","description":"%  Source:  \"Average from Beck-Friis et al. (2000)","version":"00.00.000","parameterScope":"PROCESS_SCOPE","isInputParameter":true,"value":0.385},{"@type":"Parameter","@id":"e86068f7-504f-4338-ad11-6d91f22dca7d","name":"CH4_Gen","description":"kg/Mg","version":"00.00.000","parameterScope":"PROCESS_SCOPE","isInputParameter":false,"value":66.08917445783138,"formula":"CH4_VolGen*density_CH4_AD"},{"@type":"Parameter","@id":"ef7c973b-873f-4398-8f9b-0f5489a84010","name":"AD_SOC","description":"MT CO2e/short ton","version":"00.00.000","parameterScope":"PROCESS_SCOPE","isInputParameter":false,"value":0.0213284682603335,"formula":"Mass_C_Stored/1000000*sh_tn"},{"@type":"Parameter","@id":"e52f8e6f-16f7-4581-80dc-cadb13ba91d7","name":"Mass_N2O_Offset","description":"kg N2O","version":"00.00.000","parameterScope":"PROCESS_SCOPE","isInputParameter":false,"value":0.280877713130621,"formula":"Mass_N_Offset*Nloss_N2O_fertilizer*44.01/14.01"},{"@type":"Parameter","@id":"0d66e646-7783-4bf6-b806-f4bab2a532cb","name":"Enrg_Wat_Heat","description":"MJ/Mg","version":"00.00.000","parameterScope":"PROCESS_SCOPE","isInputParameter":false,"value":49.32003159999992,"formula":"(Reactor_Temp-AddWater_Temp)*Water_SpecificHeat*Mass_FreshWat"},{"@type":"Parameter","@id":"0e916ead-c32f-4d3e-87e9-bc41adac57b9","name":"WatMass_Feed","description":"Mg","version":"00.00.000","parameterScope":"PROCESS_SCOPE","isInputParameter":false,"value":0.722,"formula":"1-DryMass_In"},{"@type":"Parameter","@id":"22b560ba-3e98-46c7-be0f-f1a9d13cdafc","name":"Mass_CH4_Leak","description":"kg CH4","version":"00.00.000","parameterScope":"PROCESS_SCOPE","isInputParameter":false,"value":1.3217834891566276,"formula":"CH4_Leaked"},{"@type":"Parameter","@id":"57fa2187-72e7-44fa-8b92-f211fe0135db","name":"Cure_Closs","description":"%  Source:  \"Average for open biowaste systems from Boldrin et al. (2009)","version":"00.00.000","parameterScope":"PROCESS_SCOPE","isInputParameter":true,"value":0.58},{"@type":"Parameter","@id":"0aa1a114-8344-4748-8d7b-554f8e59a2f4","name":"CH4_Flared","description":"kg/Mg","version":"00.00.000","parameterScope":"PROCESS_SCOPE","isInputParameter":false,"value":9.715108645301212,"formula":"(CH4_Gen-CH4_Leaked)*Per_flare"},{"@type":"Parameter","@id":"6e3dba24-1362-44da-8d45-54c50b6d6323","name":"HeatEx_eff","description":"%  Source: Long, 2012","version":"00.00.000","parameterScope":"PROCESS_SCOPE","isInputParameter":true,"value":0.75},{"@type":"Parameter","@id":"d25f1ffd-96c3-4e2c-9531-ae11c81e1fc3","name":"P_Offset_EF","description":"kg N offset/kg P applied  Source:  \"Møller, et al. (2009)","version":"00.00.000","parameterScope":"PROCESS_SCOPE","isInputParameter":true,"value":1.0},{"@type":"Parameter","@id":"0c34bcfb-2fe6-4121-b1c5-93054aa63b8b","name":"P_fert_offset","description":"MT CO2e/short ton","version":"00.00.000","parameterScope":"PROCESS_SCOPE","isInputParameter":false,"value":-0.0023151596472000004,"formula":"Mass_P_offset*-1*Pfert_GHG/1000000*sh_tn"},{"@type":"Parameter","@id":"49b5952f-5507-42f5-9f40-d80a10a6aeb6","name":"C_initial_content","description":"%TS","version":"00.00.000","parameterScope":"PROCESS_SCOPE","isInputParameter":true,"value":0.4946000000000001},{"@type":"Parameter","@id":"15084edc-f390-48f7-b341-3e70f0c8de88","name":"DryMass_In","description":"Mg","version":"00.00.000","parameterScope":"PROCESS_SCOPE","isInputParameter":false,"value":0.278,"formula":"1*(1-moisture_content)"},{"@type":"Parameter","@id":"faedee35-a94f-4599-bc7b-98a222fd43af","name":"freshwat_GHG_Intensity","description":"kg CO2e/Mg ecoinvent v3.1 - market for tap water, CA-QC","version":"00.00.000","parameterScope":"PROCESS_SCOPE","isInputParameter":true,"value":0.37983},{"@type":"Parameter","@id":"cfd64709-0870-43a9-9313-d4ca06c2787b","name":"moisture_content_finished_compost","description":"%","version":"00.00.000","parameterScope":"PROCESS_SCOPE","isInputParameter":true,"value":0.4},{"@type":"Parameter","@id":"df80f0df-772d-4eb9-b41c-3982e003b4d4","name":"House_diesel_wet","description":"L/Mg  Source: Boldrin et al. 2011 (0.9 L/Mg); Møller et al. 2009 report 1.6 L/Mg; Sanscartier et al. 2012 report 0.3 L Mg for Dufferin facility; WERF, 2012 (6.5 L/Mg). Lower values seem more likely.","version":"00.00.000","parameterScope":"PROCESS_SCOPE","isInputParameter":true,"value":1.0},{"@type":"Parameter","@id":"3691991d-876a-42ed-a4cd-7fba9e918b61","name":"VS_In","description":"Mg","version":"00.00.000","parameterScope":"PROCESS_SCOPE","isInputParameter":false,"value":0.265768,"formula":"DryMass_In*VS_content"},{"@type":"Parameter","@id":"85f3a3f7-ee7f-410e-ade3-1bccbe946c90","name":"Mass_FreshWat","description":"Mg","version":"00.00.000","parameterScope":"PROCESS_SCOPE","isInputParameter":false,"value":0.5105593333333325,"formula":"Add_Wat-Mass_Dewater*Frac_FreshWat"},{"@type":"Parameter","@id":"26353c5f-bdf6-4b65-beb2-a2ae27f6b720","name":"Mass_CH4_Cure","description":"kg CH4","version":"00.00.000","parameterScope":"PROCESS_SCOPE","isInputParameter":false,"value":0.0,"formula":"Mass_C_CureLoss*Cure_PerCH4"},{"@type":"Parameter","@id":"5be99651-e805-4cfe-8fb0-76c431985361","name":"House_diesel_dry","description":"L/Mg Source: Boldrin et al. 2011 (0.9 L/Mg); Møller et al. 2009 report 1.6 L/Mg; Sanscartier et al. 2012 report 0.3 L Mg for Dufferin facility; WERF, 2012 (6.5 L/Mg). Higher  values seem more likely.","version":"00.00.000","parameterScope":"PROCESS_SCOPE","isInputParameter":true,"value":6.5},{"@type":"Parameter","@id":"c2883bcb-11ff-45f0-a430-264612c55fc5","name":"Mass_C_CureLoss","description":"kg C","version":"00.00.000","parameterScope":"PROCESS_SCOPE","isInputParameter":false,"value":0.0,"formula":"0"},{"@type":"Parameter","@id":"0affdefe-a521-4802-9a29-a8ee35f8ef47","name":"Mass_P_Digest","description":"kg P","version":"00.00.000","parameterScope":"PROCESS_SCOPE","isInputParameter":false,"value":1.4178000000000004,"formula":"DryMass_In*P_initial_content*100000/100*(1-Ploss_AD)"},{"@type":"Parameter","@id":"fedefdb8-cf48-4357-b66b-729f86f6f039","name":"Enrg_FW_Heat","description":"MJ/Mg","version":"00.00.000","parameterScope":"PROCESS_SCOPE","isInputParameter":false,"value":75.89999999999999,"formula":"(Reactor_Temp-Waste_Temp)*Waste_SpecificHeat"},{"@type":"Parameter","@id":"a492aa85-5766-49b3-a9d8-6dbed90f1a7a","name":"C_Soil_Store","description":"%  Source:  \"Bruun et al. (2006)","version":"00.00.000","parameterScope":"PROCESS_SCOPE","isInputParameter":true,"value":0.1},{"@type":"Parameter","@id":"bfc91853-6a1f-4dc4-951b-794c71428423","name":"N_fert_offset","description":"MT CO2e/short ton","version":"00.00.000","parameterScope":"PROCESS_SCOPE","isInputParameter":false,"value":-0.031387713867904,"formula":"Mass_N_Offset*-1*NFert_GHG/1000000*sh_tn"},{"@type":"Parameter","@id":"89b4a4cd-a533-4f54-9021-eae9e9e92c87","name":"Leaked_CH4_emissions","description":"MT CH4/short ton","version":"00.00.000","parameterScope":"PROCESS_SCOPE","isInputParameter":false,"value":0.0011990955456931093,"formula":"CH4_Leaked/1000000*sh_tn"},{"@type":"Parameter","@id":"941a2d97-97bd-48db-9b0a-5a2ffe15419d","name":"Mass_P_Applied","description":"kg P","version":"00.00.000","parameterScope":"PROCESS_SCOPE","isInputParameter":false,"value":1.4178000000000004,"formula":"Mass_P_Digest"},{"@type":"Parameter","@id":"54bafd42-879b-4cc9-9d96-da4b39e55685","name":"Mass_P_Offset","description":"kg P","version":"00.00.000","parameterScope":"PROCESS_SCOPE","isInputParameter":false,"value":1.4178000000000004,"formula":"Mass_P_Applied*P_Offset_EF"},{"@type":"Parameter","@id":"44c77a10-11ce-4ef7-a3c3-da14245626c4","name":"Waste_Temp","description":"oC  Source: WERF, 2012","version":"00.00.000","parameterScope":"PROCESS_SCOPE","isInputParameter":true,"value":14.0},{"@type":"Parameter","@id":"9ec27c58-6685-4591-818a-e14bc64fd986","name":"Reactor_Temp","description":"oC  Source: WERF, 2012","version":"00.00.000","parameterScope":"PROCESS_SCOPE","isInputParameter":true,"value":37.0},{"@type":"Parameter","@id":"b2262ad1-7fbf-404a-8d00-377f524cc823","name":"Mass_C_Digest","description":"kg C","version":"00.00.000","parameterScope":"PROCESS_SCOPE","isInputParameter":false,"value":38.542187951807236,"formula":"1000*DryMass_In*C_initial_content-Mass_C_Emitted"},{"@type":"Parameter","@id":"e0409c8c-b51e-4512-837f-3d8b4ddf3b43","name":"Waste_SpecificHeat","description":"MJ/Mg-K  Source: Average of table of foods in Food Heat Capacities worksheet.","version":"00.00.000","parameterScope":"PROCESS_SCOPE","isInputParameter":true,"value":3.3},{"@type":"Parameter","@id":"c61cd6b0-4165-499f-8058-cd2d4e346e58","name":"leach_trt","description":"Mg/Mg","version":"00.00.000","parameterScope":"PROCESS_SCOPE","isInputParameter":false,"value":0.24913433333333307,"formula":"Mass_Water_Removed*(1-Frac_FreshWat)"},{"@type":"Parameter","@id":"a974e1cd-6f63-4002-9be0-98cdec741143","name":"Curing_emissions_CH4","description":"MT CH4/short ton","version":"00.00.000","parameterScope":"PROCESS_SCOPE","isInputParameter":false,"value":0.0,"formula":"Mass_CH4_Cure/1000000*sh_tn"},{"@type":"Parameter","@id":"c7f35ea8-1a0c-4d05-b018-1e76e196f6b4","name":"C_Hum_Store","description":"kg C stored/kg C applied  Source:  \"Calculated from WARM Composting Documentation as shown in Humus Formation Sheet","version":"00.00.000","parameterScope":"PROCESS_SCOPE","isInputParameter":true,"value":0.51},{"@type":"Parameter","@id":"f3a4bc2a-cc18-4b73-8a48-936f4c95f9c6","name":"Cure_VSLossPerC","description":"g/mol C loss  Source:  \"Haug (1993)","version":"00.00.000","parameterScope":"PROCESS_SCOPE","isInputParameter":true,"value":12.0},{"@type":"Parameter","@id":"554caf55-b589-4bb7-9496-59bb7c946e2b","name":"Elec_gen_eff","description":"%1. Source: U.S. EPA 2013. LMOP Benefits Calculator","version":"00.00.000","parameterScope":"PROCESS_SCOPE","isInputParameter":true,"value":0.29},{"@type":"Parameter","@id":"ca0aa2d6-9e52-4aa9-972d-bfbfebb2c1eb","name":"DryMass_Compost","description":"Mg","version":"00.00.000","parameterScope":"PROCESS_SCOPE","isInputParameter":false,"value":0.07867400000000002,"formula":"DryMass_Digest-Mass_CurSolLoss"},{"@type":"Parameter","@id":"be067653-a86e-44e5-96c1-8eacb6f896c5","name":"Mass_N_Cureloss","description":"kg N","version":"00.00.000","parameterScope":"PROCESS_SCOPE","isInputParameter":false,"value":0.0,"formula":"0"},{"@type":"Parameter","@id":"6ab9a826-e98e-4c81-96ac-321741741443","name":"CH4_Leaked","description":"kg/Mg","version":"00.00.000","parameterScope":"PROCESS_SCOPE","isInputParameter":false,"value":1.3217834891566276,"formula":"CH4_Gen*Per_leak"},{"@type":"Parameter","@id":"8c763dd1-0a0e-47c6-b906-2229c4ce9e54","name":"Ploss_AD","description":"%TS  Assumed","version":"00.00.000","parameterScope":"PROCESS_SCOPE","isInputParameter":true,"value":0.0},{"@type":"Parameter","@id":"bafdb4be-99b2-4517-a5eb-3d5872f4803e","name":"House_elec_wet","description":"kWh/Mg-in  Source: Boldrin et al. 2011 (48.9 kWh/Mg); Møller, et al. 2009 report ranges of 20-50 kWh/Mg; Sanscartier et al. 2012 report 47-67 for Dufferin facility","version":"00.00.000","parameterScope":"PROCESS_SCOPE","isInputParameter":true,"value":50.0},{"@type":"Parameter","@id":"e351f0cd-fab4-4ca8-bbff-ac56735025c7","name":"Add_Wat","description":"Mg","version":"00.00.000","parameterScope":"PROCESS_SCOPE","isInputParameter":false,"value":0.7728059999999992,"formula":"WatMass_Digest-WatMass_Feed"},{"@type":"Parameter","@id":"372fd253-356e-4ab8-bb2e-f12a81d34ca7","name":"VS_destruction","description":"%1. Source: EBMUD (2008). Used mesophilic FW value for food and grass. Used average municipal wastewater for branches and leaves.","version":"00.00.000","parameterScope":"PROCESS_SCOPE","isInputParameter":true,"value":0.75},{"@type":"Parameter","@id":"722a976f-5d50-4d4a-9768-fc48837d7a21","name":"VS_content","description":"%TS","version":"00.00.000","parameterScope":"PROCESS_SCOPE","isInputParameter":true,"value":0.956},{"@type":"Parameter","@id":"e059c538-cc53-41b9-bcbe-8e4d149e47ea","name":"AD_Net_electricity_export","description":"kWh/short ton","version":"00.00.000","parameterScope":"PROCESS_SCOPE","isInputParameter":false,"value":164.84808811127397,"formula":"ElecOff/1000*sh_tn*(1+transmission_and_distribution_losses)"},{"@type":"Parameter","@id":"168cf609-6a99-40c4-b9bb-031da14d4be0","name":"Mass_C_Emitted","description":"kg C","version":"00.00.000","parameterScope":"PROCESS_SCOPE","isInputParameter":false,"value":98.95661204819278,"formula":"DryMass_In*yield_CH4*CH4_yield_reached*12.01/22.41*2"},{"@type":"Parameter","@id":"19b7f754-ef05-41c3-b893-d5f63840dbe3","name":"yield_CH4","description":"m3/dry Mg","version":"00.00.000","parameterScope":"PROCESS_SCOPE","isInputParameter":true,"value":369.0},{"@type":"Parameter","@id":"1a1794cf-82be-442e-9e4c-0ea83f9284fc","name":"moisture_content","description":"%ww","version":"00.00.000","parameterScope":"PROCESS_SCOPE","isInputParameter":true,"value":0.722},{"@type":"Parameter","@id":"197cc381-47c8-4437-b97f-db878c7cd256","name":"Mass_N_Digest","description":"kg N","version":"00.00.000","parameterScope":"PROCESS_SCOPE","isInputParameter":false,"value":9.71888,"formula":"DryMass_In*N_initial_content*100000/100*(1-Nloss_AD)"},{"@type":"Parameter","@id":"5c433dd3-4fe9-4ae7-afb9-73e6bb29f48d","name":"Transport_emissions","description":"MT CO2/short ton","version":"00.00.000","parameterScope":"PROCESS_SCOPE","isInputParameter":false,"value":0.00328408723293882,"formula":"transport_distance_AD * combination_truck_GHG_tn_mi "},{"@type":"Parameter","@id":"d21dde80-cecc-427d-9031-8ef88a401916","name":"Digest_Heat_Avail","description":"MJ/Mg","version":"00.00.000","parameterScope":"PROCESS_SCOPE","isInputParameter":false,"value":1465.7670168598202,"formula":"EnergyGen*(1-elec_gen_eff)*HeatEx_eff"},{"@type":"Parameter","@id":"6a658d2c-8a0e-41af-a1d1-9f8de44413f1","name":"Mass_N_Offset","description":"kg N","version":"00.00.000","parameterScope":"PROCESS_SCOPE","isInputParameter":false,"value":3.8875520000000003,"formula":"Mass_N_Applied*N_Offset_EF"},{"@type":"Parameter","@id":"448e0bf7-59aa-4616-b537-e3b5906013ef","name":"Curing_emissions_N2O","description":"MT N2O/short ton","version":"00.00.000","parameterScope":"PROCESS_SCOPE","isInputParameter":false,"value":0.0,"formula":"Mass_N2O_Cure/1000000*sh_tn"},{"@type":"Parameter","@id":"24259285-3c36-429b-b867-0b69ad2eb1e6","name":"Nloss_N2O_fertilizer","description":"%  Source:  \"Average reported by Brown et al. (2010)","version":"00.00.000","parameterScope":"PROCESS_SCOPE","isInputParameter":true,"value":0.023},{"@type":"Parameter","@id":"4a3d71d2-0a13-4078-8ef8-a083d51dde43","name":"DryMass_Digest","description":"Mg","version":"00.00.000","parameterScope":"PROCESS_SCOPE","isInputParameter":false,"value":0.07867400000000002,"formula":"DryMass_In-VS_In*(VS_destruction)"},{"@type":"Parameter","@id":"d30f491d-1e85-4169-b6bf-46a9f9e31995","name":"Water_SpecificHeat","description":"MJ/Mg-K","version":"00.00.000","parameterScope":"PROCESS_SCOPE","isInputParameter":true,"value":4.2},{"@type":"Parameter","@id":"55193bad-ebc3-4f91-9dc4-1ec3dcf0dcc2","name":"moisture_content_digest_dry","description":"%ww","version":"00.00.000","parameterScope":"PROCESS_SCOPE","isInputParameter":true,"value":0.7},{"@type":"Parameter","@id":"3f68153b-f5b4-43e8-9d3e-f9b70bc4abf8","name":"Frac_FreshWat","description":"%  Source: Kranert and Hillebrecht, 2000","version":"00.00.000","parameterScope":"PROCESS_SCOPE","isInputParameter":true,"value":0.8},{"@type":"Parameter","@id":"2ca23cec-ceee-4da7-9305-5bc107157c78","name":"Nloss_N2O_digestate","description":"%  Source:  \"Hansen et al. (2006)","version":"00.00.000","parameterScope":"PROCESS_SCOPE","isInputParameter":true,"value":0.015},{"@type":"Parameter","@id":"20f331a3-b337-4a4c-9762-15a221e1fc30","name":"Mass_Water_Removed","description":"Mg","version":"00.00.000","parameterScope":"PROCESS_SCOPE","isInputParameter":false,"value":1.2456716666666656,"formula":"TotMass_Digest-Mass_Dewater"},{"@type":"Parameter","@id":"c5f03929-8f76-4ec1-9e8f-7aea93ab1b29","name":"moisture_content_digest_wet","description":"%ww  Hansen et al. (2006)","version":"00.00.000","parameterScope":"PROCESS_SCOPE","isInputParameter":true,"value":0.95},{"@type":"Parameter","@id":"fe7db99e-d9f7-4e0e-9e76-8c5e0be4b253","name":"AddWater_Temp","description":"oC  Source: Assumed same as FW.","version":"00.00.000","parameterScope":"PROCESS_SCOPE","isInputParameter":true,"value":14.0},{"@type":"Parameter","@id":"fb50bfaf-b963-4d3d-908e-7e83017ea69a","name":"Mass_N_Compost","description":"kg N","version":"00.00.000","parameterScope":"PROCESS_SCOPE","isInputParameter":false,"value":9.71888,"formula":"Mass_N_Digest-Mass_N_Cureloss"},{"@type":"Parameter","@id":"38a49779-1b8f-4c6f-84ca-e08f9c456b86","name":"Mass_Compost","description":"Mg","version":"00.00.000","parameterScope":"PROCESS_SCOPE","isInputParameter":false,"value":0.13112333333333337,"formula":"DryMass_Compost+WatMass_Compost"},{"@type":"Parameter","@id":"f1668b52-c2c3-4ced-a184-1bb8301c6fcc","name":"P_initial_content","description":"%TS","version":"00.00.000","parameterScope":"PROCESS_SCOPE","isInputParameter":true,"value":0.0051},{"@type":"Parameter","@id":"8ad2b77e-013d-4d82-a5c6-933a4138bff4","name":"Cure_PerCH4","description":"%  Source:  \"Average for open biowaste systems from Boldrin et al. (2009)","version":"00.00.000","parameterScope":"PROCESS_SCOPE","isInputParameter":true,"value":0.013000000000000001},{"@type":"Parameter","@id":"483571dd-330e-47c2-b879-f08487ce05a4","name":"WatMass_Digest","description":"Mg","version":"00.00.000","parameterScope":"PROCESS_SCOPE","isInputParameter":false,"value":1.4948059999999992,"formula":"TotMass_Digest-DryMass_Digest"},{"@type":"Parameter","@id":"1e116e4a-9c46-4c21-8b9b-3a18cec6079a","name":"PostScreen_Elec","description":"kWh/Mg  Source:  \"Komilis and Ham (2004)","version":"00.00.000","parameterScope":"PROCESS_SCOPE","isInputParameter":true,"value":0.882},{"@type":"Parameter","@id":"cefd6918-522d-45a4-8b25-2bd43fc214de","name":"Mole_C_CureLoss","description":"mol C","version":"00.00.000","parameterScope":"PROCESS_SCOPE","isInputParameter":false,"value":0.0,"formula":"Mass_C_CureLoss*1000/12.01"},{"@type":"Parameter","@id":"f65c3805-8548-4d71-9347-fff7869b611c","name":"Mass_C_Stored","description":"kg C","version":"00.00.000","parameterScope":"PROCESS_SCOPE","isInputParameter":false,"value":23.510734650602416,"formula":"Mass_C_Applied*C_Soil_store+Mass_C_Applied*C_Hum_Store"},{"@type":"Parameter","@id":"059d72f8-c196-4f02-913d-f644288f82ae","name":"CH4_yield_reached","description":"%1. Møller, et al. (2009) used 70%","version":"00.00.000","parameterScope":"PROCESS_SCOPE","isInputParameter":true,"value":0.9},{"@type":"Parameter","@id":"f29df7c1-d7b0-44a5-92d4-26dab8c43df7","name":"Mass_N2O_Land","description":"kg N2O","version":"00.00.000","parameterScope":"PROCESS_SCOPE","isInputParameter":false,"value":0.45795279314775156,"formula":"Mass_N_Applied*Nloss_N2O_digestate*44.01/14.01"},{"@type":"Parameter","@id":"723d8129-2de7-4187-94fe-b9a1b222f024","name":"PFert_GHG","description":"kg CO2e/kg N   Source:  \"Boldrin et al. (2009)","version":"00.00.000","parameterScope":"PROCESS_SCOPE","isInputParameter":true,"value":1.8},{"@type":"Parameter","@id":"b56a3c32-e0ef-4d74-b9fe-4cc1bd1609b3","name":"diesel_digestate_transport","description":"L/Mg  Source:  \"Berglund \u0026 Börjesson (2006)","version":"00.00.000","parameterScope":"PROCESS_SCOPE","isInputParameter":true,"value":0.21},{"@type":"Parameter","@id":"2dec00a8-64b1-4555-b423-f5ed394217e8","name":"Addl_Heat","description":"%  Source: WERF, 2012","version":"00.00.000","parameterScope":"PROCESS_SCOPE","isInputParameter":true,"value":0.3},{"@type":"Parameter","@id":"ddb34e9c-e788-44fa-81da-a4dd20f52654","name":"Mass_Dewater","description":"Mg","version":"00.00.000","parameterScope":"PROCESS_SCOPE","isInputParameter":false,"value":0.3278083333333334,"formula":"DryMass_Digest/(1-moisture_content_dewater_wet)"},{"@type":"Parameter","@id":"2d91f908-6f96-4a41-ba87-121d6259af7c","name":"ElecOff","description":"kWh/Mg","version":"00.00.000","parameterScope":"PROCESS_SCOPE","isInputParameter":false,"value":171.73835935803226,"formula":"ElecGen-House_elec_wet"},{"@type":"Parameter","@id":"11ea8d44-932b-49f7-ae68-1483be2a10b9","name":"House_elec_dry","description":"kWh/Mg-in. Source: Boldrin et al. 2011 (48.9 kWh/Mg); Møller, et al. 2009 report ranges of 20-50 kWh/Mg; Sanscartier et al. 2012 report 47-67 for Dufferin facility","version":"00.00.000","parameterScope":"PROCESS_SCOPE","isInputParameter":true,"value":20.0},{"@type":"Parameter","@id":"e12e5834-3a50-4ede-beeb-f675893379b9","name":"Nloss_AD","description":"%TS  Developed from Hansen et al. (2006) based on initial N content.","version":"00.00.000","parameterScope":"PROCESS_SCOPE","isInputParameter":true,"value":0.08},{"@type":"Parameter","@id":"87ee1a86-c3bb-4ec3-b25b-61ea4f330367","name":"Mass_N2O_Cure","description":"kg N2O","version":"00.00.000","parameterScope":"PROCESS_SCOPE","isInputParameter":false,"value":0.0,"formula":"Mass_N_CureLoss*Cure_PerN2O*(44.01/14.01)"},{"@type":"Parameter","@id":"eb19d505-9890-47fb-bed5-a99c4e3f84c2","name":"EnergyGen","description":"MJ/Mg","version":"00.00.000","parameterScope":"PROCESS_SCOPE","isInputParameter":false,"value":2752.6141161686764,"formula":"CH4_Combust*CH4_LHV"},{"@type":"Parameter","@id":"2da799a3-878d-4d34-bfcc-fbf866cd6194","name":"AD_diesel_emissions","description":"L/short ton","version":"00.00.000","parameterScope":"PROCESS_SCOPE","isInputParameter":false,"value":0.005837019471193195,"formula":"Dsl_tot*GHGPerGallon_distillate/1000000*sh_tn"},{"@type":"Parameter","@id":"6c3b7c7b-5063-4cdd-bf65-8810a3d34316","name":"Treated_freshwater","description":"MT CO2e/short ton","version":"00.00.000","parameterScope":"PROCESS_SCOPE","isInputParameter":false,"value":1.759255633183441E-4,"formula":"Mass_FreshWat*Freshwat_GHG_Intensity/1000000*sh_tn"},{"@type":"Parameter","@id":"b4e1ff0e-82a3-4ec8-804d-b9677c654c68","name":"TotMass_Digest","description":"Mg","version":"00.00.000","parameterScope":"PROCESS_SCOPE","isInputParameter":false,"value":1.573479999999999,"formula":"DryMass_Digest/(1-moisture_content_digest_wet)"},{"@type":"Parameter","@id":"c2da3017-a43f-46b0-8fd7-36f9a7220da4","name":"Mass_N_Applied","description":"kg N","version":"00.00.000","parameterScope":"PROCESS_SCOPE","isInputParameter":false,"value":9.71888,"formula":"Mass_N_Digest"},{"@type":"Parameter","@id":"d56fbed4-56eb-40e3-8acc-cb6ff10aabc6","name":"N2O_after_application","description":"MT N2O/short ton","version":"00.00.000","parameterScope":"PROCESS_SCOPE","isInputParameter":false,"value":1.606389710899405E-4,"formula":"(Mass_N2O_Land-Mass_N2O_Offset)/1000000*sh_tn"},{"@type":"Parameter","@id":"560fb0a0-a4fc-4b38-8f6e-99bc470adc14","name":"CH4_Combust","description":"kg/Mg","version":"00.00.000","parameterScope":"PROCESS_SCOPE","isInputParameter":false,"value":55.05228232337353,"formula":"CH4_Gen-CH4_Leaked-CH4_Flared"},{"@type":"Parameter","@id":"28288037-df28-46a9-b6bb-3362290cf4dd","name":"WatMass_Compost","description":"Mg","version":"00.00.000","parameterScope":"PROCESS_SCOPE","isInputParameter":false,"value":0.05244933333333335,"formula":"(moisture_content_finished_compost*DryMass_Compost)/(1-moisture_content_finished_compost)"},{"@type":"Parameter","@id":"bbc7e9d8-d2e9-4dac-bb57-6616d4eeae68","name":"Total_Heat","description":"MJ/Mg","version":"00.00.000","parameterScope":"PROCESS_SCOPE","isInputParameter":false,"value":162.7860410799999,"formula":"(Enrg_FW_Heat+Enrg_wat_Heat)*(1+Addl_Heat)"},{"@type":"Parameter","@id":"15e1c60b-7b3b-4f9c-a72e-1e047c0871ea","name":"N_Offset_EF","description":"kg N offset/kg N applied  Source:  \"Møller, et al. (2009)","version":"00.00.000","parameterScope":"PROCESS_SCOPE","isInputParameter":true,"value":0.4}],"exchanges":[{"@type":"Exchange","isAvoidedProduct":false,"isInput":false,"amount":1.0,"internalId":1,"flow":{"@type":"Flow","@id":"1234c1c4-5245-4b9e-bb6a-287dd6624d13","name":"Bread, digested","category":"Anaerobic Digestion","flowType":"PRODUCT_FLOW","refUnit":"kg"},"unit":{"@type":"Unit","@id":"d4922696-9c95-4b5d-a876-425e98276978","name":"sh tn"},"flowProperty":{"@type":"FlowProperty","@id":"93a60a56-a3c8-11da-a746-0800200b9a66","name":"Mass","category":"Technical flow properties","refUnit":"kg"},"isQuantitativeReference":true},{"@type":"Exchange","isAvoidedProduct":false,"isInput":false,"amount":13.7,"internalId":11,"flow":{"@type":"Flow","@id":"c9f2c667-eeab-448e-9c0c-6da04000fda6","name":"Taxes","category":"Economic flows","flowType":"ELEMENTARY_FLOW","refUnit":"USD 2002"},"unit":{"@type":"Unit","@id":"930e411f-542b-4f66-8e83-b04c303a9780","name":"USD 2002"},"flowProperty":{"@type":"FlowProperty","@id":"a1040c82-c3ac-4de0-8ac2-5aef733752b3","name":"Taxes","category":"Economic flow properties","refUnit":"USD 2002"}},{"@type":"Exchange","isAvoidedProduct":false,"isInput":false,"amount":-0.027389202949457073,"amountFormula":"Treated_freshwater+leachate_treatment+N_fert_offset+P_fert_offset","internalId":6,"flow":{"@type":"Flow","@id":"7ae371aa-8532-11e0-9d78-0800200c9a66","name":"Carbon dioxide","category":"Elementary flows/air/unspecified","flowType":"ELEMENTARY_FLOW","refUnit":"kg"},"unit":{"@type":"Unit","@id":"83192ffa-5990-490b-a23a-b45ca072db6f","name":"t"},"flowProperty":{"@type":"FlowProperty","@id":"93a60a56-a3c8-11da-a746-0800200b9a66","name":"Mass","category":"Technical flow properties","refUnit":"kg"}},{"@type":"Exchange","isAvoidedProduct":false,"isInput":true,"amount":20.0,"amountFormula":"transport_distance_AD","internalId":8,"flow":{"@type":"Flow","@id":"efefd210-d30b-11e4-8830-0800200c9a66","name":"Transport of MSW, by truck","category":"Transport","flowType":"PRODUCT_FLOW","refUnit":"t*km"},"unit":{"@type":"Unit","@id":"cd3712b2-74a5-48cb-9a90-01bf09c4f1eb","name":"sh tn*mi"},"flowProperty":{"@type":"FlowProperty","@id":"838aaa20-0117-11db-92e3-0800200c9a66","name":"Goods transport (mass*distance)","category":"Technical flow properties","refUnit":"t*km"}},{"@type":"Exchange","isAvoidedProduct":false,"isInput":false,"amount":0.00112,"internalId":9,"flow":{"@type":"Flow","@id":"f45fbcf0-24f0-4ce1-b1d9-78f2ed0d5a34","name":"Jobs","category":"Economic flows","flowType":"ELEMENTARY_FLOW","refUnit":"Item(s)"},"unit":{"@type":"Unit","@id":"6dabe201-aaac-4509-92f0-d00c26cb72ab","name":"Item(s)"},"flowProperty":{"@type":"FlowProperty","@id":"730ff828-c278-4986-a25b-31436adf5d09","name":"Jobs","category":"Economic flow properties","refUnit":"Item(s)"}},{"@type":"Exchange","isAvoidedProduct":true,"isInput":true,"amount":164.84808811127397,"amountFormula":"AD_Net_electricity_export","internalId":2,"flow":{"@type":"Flow","@id":"6ff43b96-4ce1-4545-b60b-e29291b0da0b","name":"Electricity, at grid","category":"Utilities","flowType":"PRODUCT_FLOW","refUnit":"MJ"},"unit":{"@type":"Unit","@id":"86ad2244-1f0e-4912-af53-7865283103e4","name":"kWh"},"flowProperty":{"@type":"FlowProperty","@id":"f6811440-ee37-11de-8a39-0800200c9a66","name":"Energy","category":"Technical flow properties","refUnit":"MJ"}},{"@type":"Exchange","isAvoidedProduct":false,"isInput":true,"amount":0.0018778419303927315,"amountFormula":"Dsl_tot/1000/tonne_to_sh_tn","internalId":3,"flow":{"@type":"Flow","@id":"00e3b14f-88b3-4e54-a383-670c16758d89","name":"Distillate oil","category":"Transport/Fuels","flowType":"PRODUCT_FLOW","refUnit":"m3"},"unit":{"@type":"Unit","@id":"1c3a9695-398d-4b1f-b07e-a8715b610f70","name":"m3"},"flowProperty":{"@type":"FlowProperty","@id":"93a60a56-a3c8-22da-a746-0800200c9a66","name":"Volume","category":"Technical flow properties","refUnit":"m3"},"defaultProvider":{"@type":"Process","@id":"7117baab-3689-49d1-98f5-0def54ae5605","name":"Distillate oil for AD, consumption","category":"Transport","processType":"UNIT_PROCESS","flowType":"PRODUCT_FLOW"}},{"@type":"Exchange","isAvoidedProduct":false,"isInput":false,"amount":62.09,"internalId":10,"flow":{"@type":"Flow","@id":"8c2daef6-fd94-410b-a258-7df1f02c1bce","name":"Wages","category":"Economic flows","flowType":"ELEMENTARY_FLOW","refUnit":"USD 2002"},"unit":{"@type":"Unit","@id":"930e411f-542b-4f66-8e83-b04c303a9780","name":"USD 2002"},"flowProperty":{"@type":"FlowProperty","@id":"a564e6b0-84b1-4f2e-a67f-5502dd9bf124","name":"Wages","category":"Economic flow properties","refUnit":"USD 2002"}},{"@type":"Exchange","isAvoidedProduct":false,"isInput":false,"amount":0.0011990955456931093,"amountFormula":"Leaked_CH4_Emissions+Curing_emissions_CH4","internalId":7,"flow":{"@type":"Flow","@id":"20408dd1-8534-11e0-9d78-0800200c9a66","name":"Methane","category":"Elementary flows/air/unspecified","flowType":"ELEMENTARY_FLOW","refUnit":"kg"},"unit":{"@type":"Unit","@id":"83192ffa-5990-490b-a23a-b45ca072db6f","name":"t"},"flowProperty":{"@type":"FlowProperty","@id":"93a60a56-a3c8-11da-a746-0800200b9a66","name":"Mass","category":"Technical flow properties","refUnit":"kg"}},{"@type":"Exchange","isAvoidedProduct":false,"isInput":false,"amount":0.0213284682603335,"amountFormula":"AD_SOC","internalId":5,"flow":{"@type":"Flow","@id":"80bb6903-93b7-4c04-ac53-37775125af8d","name":"Carbon","category":"Elementary flows/resource/in ground","flowType":"ELEMENTARY_FLOW","refUnit":"kg"},"unit":{"@type":"Unit","@id":"83192ffa-5990-490b-a23a-b45ca072db6f","name":"t"},"flowProperty":{"@type":"FlowProperty","@id":"93a60a56-a3c8-11da-a746-0800200b9a66","name":"Mass","category":"Technical flow properties","refUnit":"kg"}},{"@type":"Exchange","isAvoidedProduct":false,"isInput":false,"amount":1.606389710899405E-4,"amountFormula":"N2O_after_application+Curing_emissions_N2O","internalId":4,"flow":{"@type":"Flow","@id":"20185046-64bb-4c09-a8e7-e8a9e144ca98","name":"Dinitrogen monoxide","category":"Elementary flows/air/unspecified","flowType":"ELEMENTARY_FLOW","refUnit":"kg"},"unit":{"@type":"Unit","@id":"83192ffa-5990-490b-a23a-b45ca072db6f","name":"t"},"flowProperty":{"@type":"FlowProperty","@id":"93a60a56-a3c8-11da-a746-0800200b9a66","name":"Mass","category":"Technical flow properties","refUnit":"kg"}}],"socialAspects":[],"allocationFactors":[]}