{"@type":"Process","@id":"7d652efb-b492-4cb0-8ba5-e9cbaa277004","name":"Product manufacturing, from Mixed Paper (primarily residential), using 100% recycled inputs","description":"","category":"Product manufacturing/100% Recycled inputs","version":"00.00.003","lastChange":"2019-02-01T17:33:13.072Z","processType":"UNIT_PROCESS","isInfrastructureProcess":false,"location":{"@type":"Location","@id":"0b3b97fa-6688-3c56-88ee-4ae80ec0c3c2","name":"United States"},"processDocumentation":{"timeDescription":"","geographyDescription":"","technologyDescription":"","inventoryMethodDescription":"","modelingConstantsDescription":"","completenessDescription":"","dataSelectionDescription":"","dataTreatmentDescription":"","samplingDescription":"","dataCollectionDescription":"","intendedApplication":"","projectDescription":"","isCopyrightProtected":false,"restrictionsDescription":""},"lastInternalId":9,"parameters":[{"@type":"Parameter","@id":"7ff13a96-90ed-4266-aded-b2a0db7cc92f","name":"transport_energy_recycled","description":"MMBTU/short ton","version":"00.00.000","parameterScope":"PROCESS_SCOPE","isInputParameter":true,"value":0.257368958535497},{"@type":"Parameter","@id":"ea730ad3-77bd-467e-a762-5dcab3270b60","name":"process_energy_recycled","description":"MMBTU/short ton","version":"00.00.000","parameterScope":"PROCESS_SCOPE","isInputParameter":true,"value":11.7104227748887},{"@type":"Parameter","@id":"b8851118-7e28-4981-8f84-6dc3e11373f3","name":"CO2_non_energy_recycled","description":"t/short ton","version":"00.00.000","parameterScope":"PROCESS_SCOPE","isInputParameter":true,"value":0.0},{"@type":"Parameter","@id":"55026d2f-9619-4734-b0b3-7791c8b8f40d","name":"C2F6_non_energy_recycled","description":"t/short ton","version":"00.00.000","parameterScope":"PROCESS_SCOPE","isInputParameter":true,"value":0.0},{"@type":"Parameter","@id":"25acdd9a-fff6-440a-86d3-cee30d4c326c","name":"distance_to_retailer","description":"miles","version":"00.00.000","parameterScope":"PROCESS_SCOPE","isInputParameter":true,"value":0.0},{"@type":"Parameter","@id":"f69d5a16-9eae-400d-9735-c30333c48edc","name":"N2O_non_energy_recycled","description":"t/short ton","version":"00.00.000","parameterScope":"PROCESS_SCOPE","isInputParameter":true,"value":0.0},{"@type":"Parameter","@id":"9bb05d25-876e-4f62-a43b-566de9ef1f85","name":"CH4_non_energy_recycled","description":"t/short ton","version":"00.00.000","parameterScope":"PROCESS_SCOPE","isInputParameter":true,"value":0.0},{"@type":"Parameter","@id":"c00d8403-ea2f-4c98-a677-3c9fed12bf9d","name":"CF4_non_energy_recycled","description":"t/short ton","version":"00.00.000","parameterScope":"PROCESS_SCOPE","isInputParameter":true,"value":0.0}],"exchanges":[{"@type":"Exchange","isAvoidedProduct":false,"isInput":false,"amount":1.0,"internalId":1,"flow":{"@type":"Flow","@id":"f002441a-bd92-40ba-bd41-85793a72bad4","name":"Product manufactured, from Mixed Paper (primarily residential), using 100% recycled inputs","category":"Product manufactured/100% Recycled inputs","flowType":"PRODUCT_FLOW","refUnit":"kg"},"unit":{"@type":"Unit","@id":"d4922696-9c95-4b5d-a876-425e98276978","name":"sh tn"},"flowProperty":{"@type":"FlowProperty","@id":"93a60a56-a3c8-11da-a746-0800200b9a66","name":"Mass","category":"Technical flow properties","refUnit":"kg"},"isQuantitativeReference":true},{"@type":"Exchange","isAvoidedProduct":false,"isInput":false,"amount":0.0,"amountFormula":"CO2_non_energy_recycled","internalId":4,"flow":{"@type":"Flow","@id":"7ae371aa-8532-11e0-9d78-0800200c9a66","name":"Carbon dioxide","category":"Elementary flows/air/unspecified","flowType":"ELEMENTARY_FLOW","refUnit":"kg"},"unit":{"@type":"Unit","@id":"83192ffa-5990-490b-a23a-b45ca072db6f","name":"t"},"flowProperty":{"@type":"FlowProperty","@id":"93a60a56-a3c8-11da-a746-0800200b9a66","name":"Mass","category":"Technical flow properties","refUnit":"kg"}},{"@type":"Exchange","isAvoidedProduct":false,"isInput":false,"amount":0.0,"amountFormula":"CH4_non_energy_recycled","internalId":6,"flow":{"@type":"Flow","@id":"20408dd1-8534-11e0-9d78-0800200c9a66","name":"Methane","category":"Elementary flows/air/unspecified","flowType":"ELEMENTARY_FLOW","refUnit":"kg"},"unit":{"@type":"Unit","@id":"83192ffa-5990-490b-a23a-b45ca072db6f","name":"t"},"flowProperty":{"@type":"FlowProperty","@id":"93a60a56-a3c8-11da-a746-0800200b9a66","name":"Mass","category":"Technical flow properties","refUnit":"kg"}},{"@type":"Exchange","isAvoidedProduct":false,"isInput":false,"amount":0.0,"amountFormula":"C2F6_non_energy_recycled","internalId":7,"flow":{"@type":"Flow","@id":"acc39720-dda7-4b3a-80c7-c6394cad4191","name":"Ethane, hexafluoro-, HFC-116","category":"Elementary flows/air/unspecified","flowType":"ELEMENTARY_FLOW","refUnit":"kg"},"unit":{"@type":"Unit","@id":"83192ffa-5990-490b-a23a-b45ca072db6f","name":"t"},"flowProperty":{"@type":"FlowProperty","@id":"93a60a56-a3c8-11da-a746-0800200b9a66","name":"Mass","category":"Technical flow properties","refUnit":"kg"}},{"@type":"Exchange","isAvoidedProduct":false,"isInput":true,"amount":0.0,"amountFormula":"1*distance_to_retailer","internalId":2,"flow":{"@type":"Flow","@id":"2de075bf-79e2-4d96-8942-44e852ac68e9","name":"Transport of manufactured products, to retailer","category":"Transport","flowType":"PRODUCT_FLOW","refUnit":"t*km"},"unit":{"@type":"Unit","@id":"cd3712b2-74a5-48cb-9a90-01bf09c4f1eb","name":"sh tn*mi"},"flowProperty":{"@type":"FlowProperty","@id":"838aaa20-0117-11db-92e3-0800200c9a66","name":"Goods transport (mass*distance)","category":"Technical flow properties","refUnit":"t*km"}},{"@type":"Exchange","isAvoidedProduct":false,"isInput":false,"amount":0.0,"amountFormula":"CF4_non_energy_recycled","internalId":5,"flow":{"@type":"Flow","@id":"33681770-a0e1-4ce8-93c3-941fd607fa5f","name":"Methane, tetrafluoro-, R-14","category":"Elementary flows/air/unspecified","flowType":"ELEMENTARY_FLOW","refUnit":"kg"},"unit":{"@type":"Unit","@id":"83192ffa-5990-490b-a23a-b45ca072db6f","name":"t"},"flowProperty":{"@type":"FlowProperty","@id":"93a60a56-a3c8-11da-a746-0800200b9a66","name":"Mass","category":"Technical flow properties","refUnit":"kg"}},{"@type":"Exchange","isAvoidedProduct":false,"isInput":false,"amount":0.0,"amountFormula":"N2O_non_energy_recycled","internalId":8,"flow":{"@type":"Flow","@id":"20185046-64bb-4c09-a8e7-e8a9e144ca98","name":"Dinitrogen monoxide","category":"Elementary flows/air/unspecified","flowType":"ELEMENTARY_FLOW","refUnit":"kg"},"unit":{"@type":"Unit","@id":"83192ffa-5990-490b-a23a-b45ca072db6f","name":"t"},"flowProperty":{"@type":"FlowProperty","@id":"93a60a56-a3c8-11da-a746-0800200b9a66","name":"Mass","category":"Technical flow properties","refUnit":"kg"}},{"@type":"Exchange","isAvoidedProduct":false,"isInput":true,"amount":257368.95853549702,"amountFormula":"transport_energy_recycled*1000000","internalId":9,"flow":{"@type":"Flow","@id":"43c652dc-0aee-4149-9da3-b5a94c4173cc","name":"Transport, in product manufacturing from Mixed Paper (primarily residential), using 100% recycled inputs","category":"Transport/Product manufacturing/100% Recycled inputs","flowType":"PRODUCT_FLOW","refUnit":"MJ"},"unit":{"@type":"Unit","@id":"55244053-94ba-404e-9172-cb279d905e00","name":"btu"},"flowProperty":{"@type":"FlowProperty","@id":"f6811440-ee37-11de-8a39-0800200c9a66","name":"Energy","category":"Technical flow properties","refUnit":"MJ"}},{"@type":"Exchange","isAvoidedProduct":false,"isInput":true,"amount":1.17104227748887E7,"amountFormula":"process_energy_recycled*1000000","internalId":3,"flow":{"@type":"Flow","@id":"e99227ae-9c88-4f39-bb94-08c56558e76b","name":"Process energy, for product manufacturing from Mixed Paper (primarily residential), using 100% recycled inputs","category":"Utilities/Process energy/100% Recycled inputs","flowType":"PRODUCT_FLOW","refUnit":"MJ"},"unit":{"@type":"Unit","@id":"55244053-94ba-404e-9172-cb279d905e00","name":"btu"},"flowProperty":{"@type":"FlowProperty","@id":"f6811440-ee37-11de-8a39-0800200c9a66","name":"Energy","category":"Technical flow properties","refUnit":"MJ"}}],"socialAspects":[],"allocationFactors":[]}