{"@type":"Process","@id":"8f02ed19-be4d-4598-85b1-8f6fa7ea7da9","name":"Product manufacturing, from Copper, using 100% virgin inputs","description":"","category":"Product manufacturing/100% Virgin inputs","version":"00.00.001","lastChange":"2017-05-04T22:02:50.614Z","processType":"UNIT_PROCESS","isInfrastructureProcess":false,"location":{"@type":"Location","@id":"0b3b97fa-6688-3c56-88ee-4ae80ec0c3c2","name":"United States"},"processDocumentation":{"timeDescription":"","geographyDescription":"","technologyDescription":"","inventoryMethodDescription":"","modelingConstantsDescription":"","completenessDescription":"","dataSelectionDescription":"","dataTreatmentDescription":"","samplingDescription":"","dataCollectionDescription":"","intendedApplication":"","projectDescription":"","isCopyrightProtected":false,"restrictionsDescription":""},"lastInternalId":9,"parameters":[{"@type":"Parameter","@id":"f0ea2bb6-c6a0-441d-ae5d-134082aa7170","name":"distance_to_retailer","description":"miles","version":"00.00.000","parameterScope":"PROCESS_SCOPE","isInputParameter":true,"value":0.0},{"@type":"Parameter","@id":"d83a6205-86fe-48b4-a33c-76a3f2c45647","name":"CO2_non_energy_virgin","description":"t/short ton","version":"00.00.000","parameterScope":"PROCESS_SCOPE","isInputParameter":true,"value":0.0},{"@type":"Parameter","@id":"fcf875f5-1c10-4d4e-aea0-50edadedaa7d","name":"C2F6_non_energy_virgin","description":"t/short ton","version":"00.00.000","parameterScope":"PROCESS_SCOPE","isInputParameter":true,"value":0.0},{"@type":"Parameter","@id":"fdc04aaf-262f-42b1-8ea8-0cdf5c126f7c","name":"N2O_non_energy_virgin","description":"t/short ton","version":"00.00.000","parameterScope":"PROCESS_SCOPE","isInputParameter":true,"value":0.0},{"@type":"Parameter","@id":"161175e6-a610-4c53-878b-fb6a8985624c","name":"process_energy_virgin","description":"MMBTU/short ton","version":"00.00.000","parameterScope":"PROCESS_SCOPE","isInputParameter":true,"value":109.231},{"@type":"Parameter","@id":"1ba0583c-d463-4f6f-a8d9-399464beeda8","name":"transport_energy_virgin","description":"MMBTU/short ton","version":"00.00.000","parameterScope":"PROCESS_SCOPE","isInputParameter":true,"value":3.059},{"@type":"Parameter","@id":"d4a02734-faa7-4090-9308-ebd2e0c6c77e","name":"CH4_non_energy_virgin","description":"t/short ton","version":"00.00.000","parameterScope":"PROCESS_SCOPE","isInputParameter":true,"value":0.0},{"@type":"Parameter","@id":"d8bdc2ca-b4a6-4fa7-bbe0-cba7ad391a27","name":"CF4_non_energy_virgin","description":"t/short ton","version":"00.00.000","parameterScope":"PROCESS_SCOPE","isInputParameter":true,"value":0.0}],"exchanges":[{"@type":"Exchange","isAvoidedProduct":false,"isInput":false,"amount":1.0,"internalId":1,"flow":{"@type":"Flow","@id":"fb58e766-5430-429e-b51b-dc4dabb20d30","name":"Product manufactured, from Copper, using 100% virgin inputs","category":"Product manufactured/100% Virgin inputs","flowType":"PRODUCT_FLOW","refUnit":"kg"},"unit":{"@type":"Unit","@id":"d4922696-9c95-4b5d-a876-425e98276978","name":"sh tn"},"flowProperty":{"@type":"FlowProperty","@id":"93a60a56-a3c8-11da-a746-0800200b9a66","name":"Mass","category":"Technical flow properties","refUnit":"kg"},"isQuantitativeReference":true},{"@type":"Exchange","isAvoidedProduct":false,"isInput":false,"amount":0.0,"internalId":4,"flow":{"@type":"Flow","@id":"20185046-64bb-4c09-a8e7-e8a9e144ca98","name":"Dinitrogen monoxide","category":"Elementary flows/air/unspecified","flowType":"ELEMENTARY_FLOW","refUnit":"kg"},"unit":{"@type":"Unit","@id":"83192ffa-5990-490b-a23a-b45ca072db6f","name":"t"},"flowProperty":{"@type":"FlowProperty","@id":"93a60a56-a3c8-11da-a746-0800200b9a66","name":"Mass","category":"Technical flow properties","refUnit":"kg"}},{"@type":"Exchange","isAvoidedProduct":false,"isInput":false,"amount":0.0,"internalId":5,"flow":{"@type":"Flow","@id":"20408dd1-8534-11e0-9d78-0800200c9a66","name":"Methane","category":"Elementary flows/air/unspecified","flowType":"ELEMENTARY_FLOW","refUnit":"kg"},"unit":{"@type":"Unit","@id":"83192ffa-5990-490b-a23a-b45ca072db6f","name":"t"},"flowProperty":{"@type":"FlowProperty","@id":"93a60a56-a3c8-11da-a746-0800200b9a66","name":"Mass","category":"Technical flow properties","refUnit":"kg"}},{"@type":"Exchange","isAvoidedProduct":false,"isInput":false,"amount":0.0,"internalId":8,"flow":{"@type":"Flow","@id":"33681770-a0e1-4ce8-93c3-941fd607fa5f","name":"Methane, tetrafluoro-, R-14","category":"Elementary flows/air/unspecified","flowType":"ELEMENTARY_FLOW","refUnit":"kg"},"unit":{"@type":"Unit","@id":"83192ffa-5990-490b-a23a-b45ca072db6f","name":"t"},"flowProperty":{"@type":"FlowProperty","@id":"93a60a56-a3c8-11da-a746-0800200b9a66","name":"Mass","category":"Technical flow properties","refUnit":"kg"}},{"@type":"Exchange","isAvoidedProduct":false,"isInput":true,"amount":0.0,"amountFormula":"1*distance_to_retailer","internalId":9,"flow":{"@type":"Flow","@id":"2de075bf-79e2-4d96-8942-44e852ac68e9","name":"Transport of manufactured products, to retailer","category":"Transport","flowType":"PRODUCT_FLOW","refUnit":"t*km"},"unit":{"@type":"Unit","@id":"cd3712b2-74a5-48cb-9a90-01bf09c4f1eb","name":"sh tn*mi"},"flowProperty":{"@type":"FlowProperty","@id":"838aaa20-0117-11db-92e3-0800200c9a66","name":"Goods transport (mass*distance)","category":"Technical flow properties","refUnit":"t*km"}},{"@type":"Exchange","isAvoidedProduct":false,"isInput":true,"amount":1.09231E8,"amountFormula":"process_energy_virgin*1000000","internalId":3,"flow":{"@type":"Flow","@id":"ad269cf3-d4b2-46a2-9f8f-3b66bfb5af12","name":"Process energy, for product manufacturing from Copper, using 100% virgin inputs","category":"Utilities/Process energy/100% Virgin inputs","flowType":"PRODUCT_FLOW","refUnit":"MJ"},"unit":{"@type":"Unit","@id":"55244053-94ba-404e-9172-cb279d905e00","name":"btu"},"flowProperty":{"@type":"FlowProperty","@id":"f6811440-ee37-11de-8a39-0800200c9a66","name":"Energy","category":"Technical flow properties","refUnit":"MJ"}},{"@type":"Exchange","isAvoidedProduct":false,"isInput":true,"amount":3059000.0,"amountFormula":"transport_energy_virgin*1000000","internalId":7,"flow":{"@type":"Flow","@id":"a8aff9d8-51ca-4506-935a-3d5e95ced645","name":"Transport, in product manufacturing from Copper, using 100% virgin inputs","category":"Transport/Product manufacturing/100% Virgin inputs","flowType":"PRODUCT_FLOW","refUnit":"MJ"},"unit":{"@type":"Unit","@id":"55244053-94ba-404e-9172-cb279d905e00","name":"btu"},"flowProperty":{"@type":"FlowProperty","@id":"f6811440-ee37-11de-8a39-0800200c9a66","name":"Energy","category":"Technical flow properties","refUnit":"MJ"}},{"@type":"Exchange","isAvoidedProduct":false,"isInput":false,"amount":0.0,"internalId":2,"flow":{"@type":"Flow","@id":"acc39720-dda7-4b3a-80c7-c6394cad4191","name":"Ethane, hexafluoro-, HFC-116","category":"Elementary flows/air/unspecified","flowType":"ELEMENTARY_FLOW","refUnit":"kg"},"unit":{"@type":"Unit","@id":"83192ffa-5990-490b-a23a-b45ca072db6f","name":"t"},"flowProperty":{"@type":"FlowProperty","@id":"93a60a56-a3c8-11da-a746-0800200b9a66","name":"Mass","category":"Technical flow properties","refUnit":"kg"}},{"@type":"Exchange","isAvoidedProduct":false,"isInput":false,"amount":0.0,"internalId":6,"flow":{"@type":"Flow","@id":"7ae371aa-8532-11e0-9d78-0800200c9a66","name":"Carbon dioxide","category":"Elementary flows/air/unspecified","flowType":"ELEMENTARY_FLOW","refUnit":"kg"},"unit":{"@type":"Unit","@id":"83192ffa-5990-490b-a23a-b45ca072db6f","name":"t"},"flowProperty":{"@type":"FlowProperty","@id":"93a60a56-a3c8-11da-a746-0800200b9a66","name":"Mass","category":"Technical flow properties","refUnit":"kg"}}],"socialAspects":[],"allocationFactors":[]}