{"@type":"Process","@id":"a97f00b7-1e6e-4d7a-8215-36e8561f8a1c","name":"Anaerobic digestion of Leaves; Wet digestion, Cured","description":"","category":"Anaerobic digestion/Wet digestion/Cured","version":"00.00.011","lastChange":"2025-06-11T01:48:08.087Z","processType":"UNIT_PROCESS","defaultAllocationMethod":"NO_ALLOCATION","isInfrastructureProcess":false,"location":{"@type":"Location","@id":"0b3b97fa-6688-3c56-88ee-4ae80ec0c3c2","name":"United States"},"processDocumentation":{"timeDescription":"","geographyDescription":"","technologyDescription":"","inventoryMethodDescription":"","modelingConstantsDescription":"","completenessDescription":"","dataSelectionDescription":"","dataTreatmentDescription":"","samplingDescription":"","dataCollectionDescription":"","intendedApplication":"","projectDescription":"","isCopyrightProtected":false,"restrictionsDescription":""},"lastInternalId":8,"parameters":[{"@type":"Parameter","@id":"f9bbf4fe-3ed5-4633-b644-8c6939d6d912","name":"moisture_content","description":"%ww","version":"00.00.000","parameterScope":"PROCESS_SCOPE","isInputParameter":true,"value":0.322},{"@type":"Parameter","@id":"d929c5ba-3c28-433d-a2db-718307eff2cb","name":"P_initial_content","description":"%TS","version":"00.00.000","parameterScope":"PROCESS_SCOPE","isInputParameter":true,"value":0.00198},{"@type":"Parameter","@id":"ad42960b-0ce8-430d-a8f4-7e08f2aadad7","name":"AddWater_Temp","description":"oC  Source: Assumed same as FW.","version":"00.00.000","parameterScope":"PROCESS_SCOPE","isInputParameter":true,"value":14.0},{"@type":"Parameter","@id":"5a07ccbe-e38f-4a4a-bbc9-b2556ecc90f6","name":"DryMass_In","description":"Mg","version":"00.00.000","parameterScope":"PROCESS_SCOPE","isInputParameter":false,"value":0.6779999999999999,"formula":"1*(1-moisture_content)"},{"@type":"Parameter","@id":"a97f4090-2e57-4c70-968d-4badad749533","name":"Mass_P_Offset","description":"kg P","version":"00.00.000","parameterScope":"PROCESS_SCOPE","isInputParameter":false,"value":1.34244,"formula":"Mass_P_Applied*P_Offset_EF"},{"@type":"Parameter","@id":"bb8722f2-db37-44a9-8333-8c16bca5965e","name":"Cure_Nloss","description":"%  Source:  \"Average from Beck-Friis et al. (2000)","version":"00.00.000","parameterScope":"PROCESS_SCOPE","isInputParameter":true,"value":0.385},{"@type":"Parameter","@id":"f2760457-b118-40cf-953e-126fde226526","name":"moisture_content_dewater_wet","description":"%ww  Metcalf and Eddy (2003)","version":"00.00.000","parameterScope":"PROCESS_SCOPE","isInputParameter":true,"value":0.76},{"@type":"Parameter","@id":"bc2d2c87-0908-48dc-bfea-7ad82ad26adc","name":"Mass_C_Emitted","description":"kg C","version":"00.00.000","parameterScope":"PROCESS_SCOPE","isInputParameter":false,"value":23.72706532797858,"formula":"DryMass_In*yield_CH4*CH4_yield_reached*12.01/22.41*2"},{"@type":"Parameter","@id":"4542ab8b-1ff7-4585-a3c8-e397054ba727","name":"WatMass_Digest","description":"Mg","version":"00.00.000","parameterScope":"PROCESS_SCOPE","isInputParameter":false,"value":7.362707099999992,"formula":"TotMass_Digest-DryMass_Digest"},{"@type":"Parameter","@id":"3b2663c8-8795-4d6d-8443-f6e10ecd893b","name":"CH4_VolGen","description":"m3/Mg","version":"00.00.000","parameterScope":"PROCESS_SCOPE","isInputParameter":false,"value":22.136699999999998,"formula":"CH4_yield_reached*(1-moisture_content)*Yield_CH4"},{"@type":"Parameter","@id":"2aa456c6-a9d2-4834-9e32-abf7612e26ac","name":"House_diesel_wet","description":"L/Mg  Source: Boldrin et al. 2011 (0.9 L/Mg); Møller et al. 2009 report 1.6 L/Mg; Sanscartier et al. 2012 report 0.3 L Mg for Dufferin facility; WERF, 2012 (6.5 L/Mg). Lower values seem more likely.","version":"00.00.000","parameterScope":"PROCESS_SCOPE","isInputParameter":true,"value":1.0},{"@type":"Parameter","@id":"9dccb5b6-c131-4770-94db-7c67bfe65d98","name":"leach_trt","description":"Mg/Mg","version":"00.00.000","parameterScope":"PROCESS_SCOPE","isInputParameter":false,"value":1.2271178499999982,"formula":"Mass_Water_Removed*(1-Frac_FreshWat)"},{"@type":"Parameter","@id":"aa0c0ab4-9ae9-4c01-b072-ec276a968d6c","name":"Mass_P_Digest","description":"kg P","version":"00.00.000","parameterScope":"PROCESS_SCOPE","isInputParameter":false,"value":1.34244,"formula":"DryMass_In*P_initial_content*100000/100*(1-Ploss_AD)"},{"@type":"Parameter","@id":"9b08344c-7e92-4082-8317-45653cd436dd","name":"Waste_Temp","description":"oC  Source: WERF, 2012","version":"00.00.000","parameterScope":"PROCESS_SCOPE","isInputParameter":true,"value":14.0},{"@type":"Parameter","@id":"2521b6da-9958-4987-8f37-6e2fbfa4eb83","name":"Nloss_N2O_fertilizer","description":"%  Source:  \"Average reported by Brown et al. (2010)","version":"00.00.000","parameterScope":"PROCESS_SCOPE","isInputParameter":true,"value":0.023},{"@type":"Parameter","@id":"9939fa06-be8c-48e0-bd95-a657a494316c","name":"Mass_N_Cureloss","description":"kg N","version":"00.00.000","parameterScope":"PROCESS_SCOPE","isInputParameter":false,"value":2.1613284,"formula":"Mass_N_Digest*Cure_Nloss"},{"@type":"Parameter","@id":"a38bc679-b9c7-4104-a960-8a5740e349f3","name":"N2O_after_application","description":"MT N2O/short ton","version":"00.00.000","parameterScope":"PROCESS_SCOPE","isInputParameter":false,"value":5.7065002459139775E-5,"formula":"(Mass_N2O_Land-Mass_N2O_Offset)/1000000*sh_tn"},{"@type":"Parameter","@id":"35065e96-25ae-4382-9b64-350b97d197e1","name":"Add_Wat","description":"Mg","version":"00.00.000","parameterScope":"PROCESS_SCOPE","isInputParameter":false,"value":7.040707099999992,"formula":"WatMass_Digest-WatMass_Feed"},{"@type":"Parameter","@id":"f02abb13-ed72-45c1-b3da-e2c9d43db0ad","name":"ElecOff","description":"kWh/Mg","version":"00.00.000","parameterScope":"PROCESS_SCOPE","isInputParameter":false,"value":-3.668951526583772,"formula":"ElecGen-House_elec_wet-(postscreen_elec*TotMass_Digest)"},{"@type":"Parameter","@id":"c9f5717f-12dc-47ae-8646-7541404d10ff","name":"Water_SpecificHeat","description":"MJ/Mg-K","version":"00.00.000","parameterScope":"PROCESS_SCOPE","isInputParameter":true,"value":4.2},{"@type":"Parameter","@id":"91f69b08-1812-4799-8174-09231b874ccc","name":"Mass_N2O_Land","description":"kg N2O","version":"00.00.000","parameterScope":"PROCESS_SCOPE","isInputParameter":false,"value":0.16268205087366164,"formula":"Mass_N_Applied*Nloss_N2O_digestate*44.01/14.01"},{"@type":"Parameter","@id":"e98a8c6d-c4e5-4900-b732-cd98e6026ccf","name":"Digest_Heat_Avail","description":"MJ/Mg","version":"00.00.000","parameterScope":"PROCESS_SCOPE","isInputParameter":false,"value":351.4504897125204,"formula":"EnergyGen*(1-elec_gen_eff)*HeatEx_eff"},{"@type":"Parameter","@id":"001c5034-a5f6-47f5-b805-80eb15454b6f","name":"Mass_FreshWat","description":"Mg","version":"00.00.000","parameterScope":"PROCESS_SCOPE","isInputParameter":false,"value":5.749004099999992,"formula":"Add_Wat-Mass_Dewater*Frac_FreshWat"},{"@type":"Parameter","@id":"c3fc930e-eb13-4464-b904-c8c00d7c365e","name":"Nloss_AD","description":"%TS  Developed from Hansen et al. (2006) based on initial N content.","version":"00.00.000","parameterScope":"PROCESS_SCOPE","isInputParameter":true,"value":0.08},{"@type":"Parameter","@id":"08560bd1-9dd8-4b5e-bfc7-b6b1ad7fee33","name":"CH4_yield_reached","description":"%1. Møller, et al. (2009) used 70%","version":"00.00.000","parameterScope":"PROCESS_SCOPE","isInputParameter":true,"value":0.5},{"@type":"Parameter","@id":"ca71fb00-a8cb-4e9e-82d8-337316a449f5","name":"P_fert_offset","description":"MT CO2e/short ton","version":"00.00.000","parameterScope":"PROCESS_SCOPE","isInputParameter":false,"value":-0.0021921024945599998,"formula":"Mass_P_offset*-1*Pfert_GHG/1000000*sh_tn"},{"@type":"Parameter","@id":"2c1093bb-2924-458a-b1b4-1608977461cf","name":"Mass_N2O_Offset","description":"kg N2O","version":"00.00.000","parameterScope":"PROCESS_SCOPE","isInputParameter":false,"value":0.0997783245358458,"formula":"Mass_N_Offset*Nloss_N2O_fertilizer*44.01/14.01"},{"@type":"Parameter","@id":"eb277ee1-50ee-46e5-a756-2159482c732b","name":"Mass_C_Stored","description":"kg C","version":"00.00.000","parameterScope":"PROCESS_SCOPE","isInputParameter":false,"value":72.9562638629719,"formula":"Mass_C_Applied*C_Soil_store+Mass_C_Applied*C_Hum_Store"},{"@type":"Parameter","@id":"b970e416-75e5-4116-b378-cf53a75f600b","name":"NFert_GHG","description":"kg CO2e/kg N   Source:  \"Boldrin et al. (2009)","version":"00.00.000","parameterScope":"PROCESS_SCOPE","isInputParameter":true,"value":8.9},{"@type":"Parameter","@id":"ca54d275-8069-40bc-a322-84479963d547","name":"ElecGen","description":"kWh/Mg","version":"00.00.000","parameterScope":"PROCESS_SCOPE","isInputParameter":false,"value":53.16674074941622,"formula":"EnergyGen*elec_gen_eff*1/kWh"},{"@type":"Parameter","@id":"e282fbc0-cb6e-43e4-b6dd-0e248c81b69a","name":"C_Hum_Store","description":"kg C stored/kg C applied  Source:  \"Calculated from WARM Composting Documentation as shown in Humus Formation Sheet","version":"00.00.000","parameterScope":"PROCESS_SCOPE","isInputParameter":true,"value":0.51},{"@type":"Parameter","@id":"5f4b45cd-464e-449d-8072-bcd1e3f2a6b7","name":"Curing_emissions_N2O","description":"MT N2O/short ton","version":"00.00.000","parameterScope":"PROCESS_SCOPE","isInputParameter":false,"value":6.15924472855868E-5,"formula":"Mass_N2O_Cure/1000000*sh_tn"},{"@type":"Parameter","@id":"d9ed2473-d695-4067-bbe2-b90258c65302","name":"Dewater_elec","description":"kWh/Mg TS  Source: Niu, D. et al. 2013.","version":"00.00.000","parameterScope":"PROCESS_SCOPE","isInputParameter":true,"value":75.0},{"@type":"Parameter","@id":"7ac26f1b-29a4-41fc-b8f8-0d63f7d4d9e4","name":"Mass_CH4_Leak","description":"kg CH4","version":"00.00.000","parameterScope":"PROCESS_SCOPE","isInputParameter":false,"value":0.31692721231593063,"formula":"CH4_Leaked"},{"@type":"Parameter","@id":"56780fa8-dd0e-46b1-bd6a-44c391dac4bf","name":"Waste_SpecificHeat","description":"MJ/Mg-K  Source: Average of table of foods in Food Heat Capacities worksheet.","version":"00.00.000","parameterScope":"PROCESS_SCOPE","isInputParameter":true,"value":3.3},{"@type":"Parameter","@id":"d389b409-cc1d-4eac-831b-45fcd2cbc44d","name":"Dsl_tot","description":"L/Mg","version":"00.00.000","parameterScope":"PROCESS_SCOPE","isInputParameter":false,"value":9.002368707869024,"formula":"(diesel_digestate_transport+dsl_dig_spread)*Mass_Compost+TotMass_Digest*WindTurn_Fuel+House_Diesel_Wet"},{"@type":"Parameter","@id":"73464cc4-18ee-4b60-bd11-a98e8f1d09e9","name":"Per_flare","description":"%1. Source: U.S. EPA 2013. LMOP Benefits Calculator","version":"00.00.000","parameterScope":"PROCESS_SCOPE","isInputParameter":true,"value":0.15},{"@type":"Parameter","@id":"ded0d2c1-4b90-487b-a13c-11a1378fec7e","name":"House_elec_dry","description":"kWh/Mg-in. Source: Boldrin et al. 2011 (48.9 kWh/Mg); Møller, et al. 2009 report ranges of 20-50 kWh/Mg; Sanscartier et al. 2012 report 47-67 for Dufferin facility","version":"00.00.000","parameterScope":"PROCESS_SCOPE","isInputParameter":true,"value":20.0},{"@type":"Parameter","@id":"da77b0ad-821f-4b1f-ad63-d8c55ffca165","name":"Mass_N2O_Cure","description":"kg N2O","version":"00.00.000","parameterScope":"PROCESS_SCOPE","isInputParameter":false,"value":0.06789440605567451,"formula":"Mass_N_CureLoss*Cure_PerN2O*(44.01/14.01)"},{"@type":"Parameter","@id":"da0c3e95-0f4e-4fe5-ac29-289dc327f5dd","name":"Treated_freshwater","description":"MT CO2e/short ton","version":"00.00.000","parameterScope":"PROCESS_SCOPE","isInputParameter":false,"value":0.0019809583701247326,"formula":"Mass_FreshWat*Freshwat_GHG_Intensity/1000000*sh_tn"},{"@type":"Parameter","@id":"dab44852-e562-4bfa-988d-67b75787efff","name":"EnergyGen","description":"MJ/Mg","version":"00.00.000","parameterScope":"PROCESS_SCOPE","isInputParameter":false,"value":660.0009196479256,"formula":"CH4_Combust*CH4_LHV"},{"@type":"Parameter","@id":"f1346477-bd56-4e88-b6a4-dedc91b3b0f6","name":"VS_In","description":"Mg","version":"00.00.000","parameterScope":"PROCESS_SCOPE","isInputParameter":false,"value":0.611556,"formula":"DryMass_In*VS_content"},{"@type":"Parameter","@id":"457dad10-aea6-4e90-ad7a-be6c7c8e7533","name":"Cure_VSLossPerC","description":"g/mol C loss  Source:  \"Haug (1993)","version":"00.00.000","parameterScope":"PROCESS_SCOPE","isInputParameter":true,"value":12.0},{"@type":"Parameter","@id":"0aaa0532-918b-4038-b033-16daf410a005","name":"Leachate_treatment","description":"MT CO2e/short ton","version":"00.00.000","parameterScope":"PROCESS_SCOPE","isInputParameter":false,"value":0.030231627854473545,"formula":"Leach_trt*Leach_GHG_intensity/1000000*sh_tn"},{"@type":"Parameter","@id":"f2a444e0-ff9d-4f2c-9a62-98e22a8acec9","name":"Per_leak","description":"%1. Source: WERF, 2012; Sanscartier et al. 2012 reports (2-5%)","version":"00.00.000","parameterScope":"PROCESS_SCOPE","isInputParameter":true,"value":0.02},{"@type":"Parameter","@id":"ee5abcd3-1cbb-41b2-a40b-1c63122efcfc","name":"Mass_C_Applied","description":"kg C","version":"00.00.000","parameterScope":"PROCESS_SCOPE","isInputParameter":false,"value":119.60043256224901,"formula":"Mass_C_Compost"},{"@type":"Parameter","@id":"8f95b627-dea3-486d-84d7-449517a72857","name":"Ploss_AD","description":"%TS  Assumed","version":"00.00.000","parameterScope":"PROCESS_SCOPE","isInputParameter":true,"value":0.0},{"@type":"Parameter","@id":"5f49e5c8-c26c-4e63-a7ee-23c702b17d2b","name":"N_initial_content","description":"%TS","version":"00.00.000","parameterScope":"PROCESS_SCOPE","isInputParameter":true,"value":0.009000000000000001},{"@type":"Parameter","@id":"bd539133-7949-4e08-a9b3-7e4e75c01ba4","name":"AD_Net_electricity_export","description":"kWh/short ton","version":"00.00.000","parameterScope":"PROCESS_SCOPE","isInputParameter":false,"value":-3.521750451041485,"formula":"ElecOff/1000*sh_tn*(1+transmission_and_distribution_losses)"},{"@type":"Parameter","@id":"b1cb3dd3-e48c-4199-a114-98c085ad0872","name":"Mass_CH4_Cure","description":"kg CH4","version":"00.00.000","parameterScope":"PROCESS_SCOPE","isInputParameter":false,"value":2.147112527427041,"formula":"Mass_C_CureLoss*Cure_PerCH4"},{"@type":"Parameter","@id":"9b6c4f31-7edf-4d71-93e4-282632f1448d","name":"Mass_C_Digest","description":"kg C","version":"00.00.000","parameterScope":"PROCESS_SCOPE","isInputParameter":false,"value":284.7629346720214,"formula":"1000*DryMass_In*C_initial_content-Mass_C_Emitted"},{"@type":"Parameter","@id":"7c4ae54e-51d5-466a-94b6-e01e88541841","name":"PFert_GHG","description":"kg CO2e/kg N   Source:  \"Boldrin et al. (2009)","version":"00.00.000","parameterScope":"PROCESS_SCOPE","isInputParameter":true,"value":1.8},{"@type":"Parameter","@id":"faa6357f-6762-497d-b413-bfcd906c5e43","name":"leach_GHG_Intensity","description":"kg CO2e/Mg ecoinvent v3.1 - treatment of wastewater from anaerobic digestion of whey, capacity 1E9l/year, RoW,","version":"00.00.000","parameterScope":"PROCESS_SCOPE","isInputParameter":true,"value":27.157},{"@type":"Parameter","@id":"683e1509-e36a-4915-949f-c357cd678cff","name":"TotMass_Digest","description":"Mg","version":"00.00.000","parameterScope":"PROCESS_SCOPE","isInputParameter":false,"value":7.750217999999991,"formula":"DryMass_Digest/(1-moisture_content_digest_wet)"},{"@type":"Parameter","@id":"bbd1a4db-db64-46c1-a00e-c34eadd770ca","name":"diesel_digestate_transport","description":"L/Mg  Source:  \"Berglund \u0026 Börjesson (2006)","version":"00.00.000","parameterScope":"PROCESS_SCOPE","isInputParameter":true,"value":0.21},{"@type":"Parameter","@id":"301e2f47-01c0-4d6a-9757-de00be813840","name":"Cure_PerN2O","description":"%  Source:  \"Average for open biowaste systems from Boldrin et al. (2009)","version":"00.00.000","parameterScope":"PROCESS_SCOPE","isInputParameter":true,"value":0.01},{"@type":"Parameter","@id":"1cd07f1b-2bdd-4bed-b240-f843e37330b7","name":"Mole_C_CureLoss","description":"mol C","version":"00.00.000","parameterScope":"PROCESS_SCOPE","isInputParameter":false,"value":13752.081774335753,"formula":"Mass_C_CureLoss*1000/12.01"},{"@type":"Parameter","@id":"3c4044e7-3514-4d20-a791-2073f4b1f6e0","name":"Enrg_FW_Heat","description":"MJ/Mg","version":"00.00.000","parameterScope":"PROCESS_SCOPE","isInputParameter":false,"value":75.89999999999999,"formula":"(Reactor_Temp-Waste_Temp)*Waste_SpecificHeat"},{"@type":"Parameter","@id":"00ecb53f-3d45-4b56-bdda-d85e1028839e","name":"Cure_PerCH4","description":"%  Source:  \"Average for open biowaste systems from Boldrin et al. (2009)","version":"00.00.000","parameterScope":"PROCESS_SCOPE","isInputParameter":true,"value":0.013000000000000001},{"@type":"Parameter","@id":"6cd84b56-a6ab-4d66-b737-50458fd0a2a6","name":"P_Offset_EF","description":"kg N offset/kg P applied  Source:  \"Møller, et al. (2009)","version":"00.00.000","parameterScope":"PROCESS_SCOPE","isInputParameter":true,"value":1.0},{"@type":"Parameter","@id":"eaa16a88-7b70-4947-aead-54bff84a6f5b","name":"Mass_C_CureLoss","description":"kg C","version":"00.00.000","parameterScope":"PROCESS_SCOPE","isInputParameter":false,"value":165.1625021097724,"formula":"Mass_C_Digest*Cure_Closs"},{"@type":"Parameter","@id":"aa2000ca-7fcc-4ee3-9bae-44a0e7b90b2e","name":"moisture_content_digest_dry","description":"%ww","version":"00.00.000","parameterScope":"PROCESS_SCOPE","isInputParameter":true,"value":0.7},{"@type":"Parameter","@id":"c9eb8fe4-32cd-4448-963f-d102dc552fc3","name":"Total_Heat","description":"MJ/Mg","version":"00.00.000","parameterScope":"PROCESS_SCOPE","isInputParameter":false,"value":820.6299348779991,"formula":"(Enrg_FW_Heat+Enrg_wat_Heat)*(1+Addl_Heat)"},{"@type":"Parameter","@id":"19e0e28b-60a8-4a39-9a62-02fa2ea10e6e","name":"AD_diesel_emissions","description":"L/short ton","version":"00.00.000","parameterScope":"PROCESS_SCOPE","isInputParameter":false,"value":0.02538543690114576,"formula":"Dsl_tot*GHGPerGallon_distillate/1000000*sh_tn"},{"@type":"Parameter","@id":"fcb30f26-cb3a-46e9-8ee1-e12f36ae7526","name":"WatMass_Feed","description":"Mg","version":"00.00.000","parameterScope":"PROCESS_SCOPE","isInputParameter":false,"value":0.32200000000000006,"formula":"1-DryMass_In"},{"@type":"Parameter","@id":"ab50dc89-de4e-4cec-8bdf-cfb429cf49c5","name":"Mass_N_Applied","description":"kg N","version":"00.00.000","parameterScope":"PROCESS_SCOPE","isInputParameter":false,"value":3.4525116,"formula":"Mass_N_Compost"},{"@type":"Parameter","@id":"0c57f553-2944-4ffa-ace7-46ac284629f2","name":"HeatEx_eff","description":"%  Source: Long, 2012","version":"00.00.000","parameterScope":"PROCESS_SCOPE","isInputParameter":true,"value":0.75},{"@type":"Parameter","@id":"2a57b5f7-d4cc-4e4a-a4f1-72dd75ee0b53","name":"DryMass_Digest","description":"Mg","version":"00.00.000","parameterScope":"PROCESS_SCOPE","isInputParameter":false,"value":0.38751089999999994,"formula":"DryMass_In-VS_In*(VS_destruction)"},{"@type":"Parameter","@id":"27ba2e4d-e1f8-4eb6-8c60-1eaf19dce8e9","name":"Mass_C_Compost","description":"kg C","version":"00.00.000","parameterScope":"PROCESS_SCOPE","isInputParameter":false,"value":119.60043256224901,"formula":"Mass_C_Digest-Mass_C_Cureloss"},{"@type":"Parameter","@id":"30a4cc29-3de8-4c48-af03-da6700a00c3b","name":"Enrg_Wat_Heat","description":"MJ/Mg","version":"00.00.000","parameterScope":"PROCESS_SCOPE","isInputParameter":false,"value":555.3537960599992,"formula":"(Reactor_Temp-AddWater_Temp)*Water_SpecificHeat*Mass_FreshWat"},{"@type":"Parameter","@id":"49e5fac2-55ad-40ae-b068-89ccccb8c170","name":"moisture_content_finished_compost","description":"%","version":"00.00.000","parameterScope":"PROCESS_SCOPE","isInputParameter":true,"value":0.4},{"@type":"Parameter","@id":"a4aaf5be-0206-4730-ae07-a2499e9a6648","name":"N_Offset_EF","description":"kg N offset/kg N applied  Source:  \"Møller, et al. (2009)","version":"00.00.000","parameterScope":"PROCESS_SCOPE","isInputParameter":true,"value":0.4},{"@type":"Parameter","@id":"c2a53be7-0bf8-476a-a2fc-f750b1e21f19","name":"Mass_CurSolLoss","description":"Mg","version":"00.00.000","parameterScope":"PROCESS_SCOPE","isInputParameter":false,"value":0.16502498129202903,"formula":"Mole_C_CureLoss*Cure_VSLossPerC/1000000"},{"@type":"Parameter","@id":"525cb1a2-122a-4d7d-bb23-bf8c437845af","name":"yield_CH4","description":"m3/dry Mg","version":"00.00.000","parameterScope":"PROCESS_SCOPE","isInputParameter":true,"value":65.3},{"@type":"Parameter","@id":"21a22bdd-2e9e-49f0-bfa0-26dc77141e8f","name":"N_fert_offset","description":"MT CO2e/short ton","version":"00.00.000","parameterScope":"PROCESS_SCOPE","isInputParameter":false,"value":-0.011150096124905279,"formula":"Mass_N_Offset*-1*NFert_GHG/1000000*sh_tn"},{"@type":"Parameter","@id":"6c1780bb-9c7e-4330-ba8b-61e8a706ce2a","name":"Nloss_N2O_digestate","description":"%  Source:  \"Hansen et al. (2006)","version":"00.00.000","parameterScope":"PROCESS_SCOPE","isInputParameter":true,"value":0.015},{"@type":"Parameter","@id":"59d59716-07b2-4e8d-98ee-2fbce38c400e","name":"moisture_content_digest_wet","description":"%ww  Hansen et al. (2006)","version":"00.00.000","parameterScope":"PROCESS_SCOPE","isInputParameter":true,"value":0.95},{"@type":"Parameter","@id":"d982b2e8-a26d-46a9-a88a-08eee7ed6d36","name":"Transport_emissions","description":"MT CO2/short ton","version":"00.00.000","parameterScope":"PROCESS_SCOPE","isInputParameter":false,"value":0.00328408723293882,"formula":"transport_distance_AD * combination_truck_GHG_tn_mi "},{"@type":"Parameter","@id":"100f853a-f88c-4939-b35f-76dfcf63cc20","name":"Curing_emissions_CH4","description":"MT CH4/short ton","version":"00.00.000","parameterScope":"PROCESS_SCOPE","isInputParameter":false,"value":0.001947817542631263,"formula":"Mass_CH4_Cure/1000000*sh_tn"},{"@type":"Parameter","@id":"70b6a887-0a9e-4cba-88ed-bd18954fcec2","name":"VS_destruction","description":"%1. Source: EBMUD (2008). Used mesophilic FW value for food and grass. Used average municipal wastewater for branches and leaves.","version":"00.00.000","parameterScope":"PROCESS_SCOPE","isInputParameter":true,"value":0.475},{"@type":"Parameter","@id":"d5dd37af-ab9d-4c6a-a675-9ab2b6d7b02c","name":"CH4_Leaked","description":"kg/Mg","version":"00.00.000","parameterScope":"PROCESS_SCOPE","isInputParameter":false,"value":0.31692721231593063,"formula":"CH4_Gen*Per_leak"},{"@type":"Parameter","@id":"59631cb4-5b87-4db2-a386-54f13fc53e31","name":"House_diesel_dry","description":"L/Mg Source: Boldrin et al. 2011 (0.9 L/Mg); Møller et al. 2009 report 1.6 L/Mg; Sanscartier et al. 2012 report 0.3 L Mg for Dufferin facility; WERF, 2012 (6.5 L/Mg). Higher  values seem more likely.","version":"00.00.000","parameterScope":"PROCESS_SCOPE","isInputParameter":true,"value":6.5},{"@type":"Parameter","@id":"314bfc31-0cdb-4a0e-95b6-60b54fae8b98","name":"Mass_Dewater","description":"Mg","version":"00.00.000","parameterScope":"PROCESS_SCOPE","isInputParameter":false,"value":1.6146287499999998,"formula":"DryMass_Digest/(1-moisture_content_dewater_wet)"},{"@type":"Parameter","@id":"82084f38-f689-42af-87a0-e282820ed223","name":"Mass_P_Applied","description":"kg P","version":"00.00.000","parameterScope":"PROCESS_SCOPE","isInputParameter":false,"value":1.34244,"formula":"Mass_P_Digest"},{"@type":"Parameter","@id":"1979887f-e853-488e-a7b8-a8c1a96b2e05","name":"Leaked_CH4_emissions","description":"MT CH4/short ton","version":"00.00.000","parameterScope":"PROCESS_SCOPE","isInputParameter":false,"value":2.8751002846876596E-4,"formula":"CH4_Leaked/1000000*sh_tn"},{"@type":"Parameter","@id":"6014ecd6-a48d-4867-8f47-7373c0ce7cbb","name":"VS_content","description":"%TS","version":"00.00.000","parameterScope":"PROCESS_SCOPE","isInputParameter":true,"value":0.902},{"@type":"Parameter","@id":"26ed92e8-8076-4044-af2c-0bedd7617758","name":"Frac_FreshWat","description":"%  Source: Kranert and Hillebrecht, 2000","version":"00.00.000","parameterScope":"PROCESS_SCOPE","isInputParameter":true,"value":0.8},{"@type":"Parameter","@id":"d9f4c386-7d5f-43da-8a85-ff3992a1d861","name":"PostScreen_Elec","description":"kWh/Mg  Source:  \"Komilis and Ham (2004)","version":"00.00.000","parameterScope":"PROCESS_SCOPE","isInputParameter":true,"value":0.882},{"@type":"Parameter","@id":"e4ce7620-eb81-401f-98b5-363fdb5fe75c","name":"Mass_N_Digest","description":"kg N","version":"00.00.000","parameterScope":"PROCESS_SCOPE","isInputParameter":false,"value":5.61384,"formula":"DryMass_In*N_initial_content*100000/100*(1-Nloss_AD)"},{"@type":"Parameter","@id":"bed8e6bf-d291-4ba2-becc-0275bfcc5deb","name":"Elec_gen_eff","description":"%1. Source: U.S. EPA 2013. LMOP Benefits Calculator","version":"00.00.000","parameterScope":"PROCESS_SCOPE","isInputParameter":true,"value":0.29},{"@type":"Parameter","@id":"23245528-d4d5-4075-98fa-133ec2a2006a","name":"Mass_N_Compost","description":"kg N","version":"00.00.000","parameterScope":"PROCESS_SCOPE","isInputParameter":false,"value":3.4525116,"formula":"Mass_N_Digest-Mass_N_Cureloss"},{"@type":"Parameter","@id":"07b1a73d-d2ea-404f-b237-06557ccd5701","name":"House_elec_wet","description":"kWh/Mg-in  Source: Boldrin et al. 2011 (48.9 kWh/Mg); Møller, et al. 2009 report ranges of 20-50 kWh/Mg; Sanscartier et al. 2012 report 47-67 for Dufferin facility","version":"00.00.000","parameterScope":"PROCESS_SCOPE","isInputParameter":true,"value":50.0},{"@type":"Parameter","@id":"d6e6f856-58bc-4d0b-b62e-c76460e65afd","name":"WindTurn_Fuel","description":"L/Mg  Source:  \"Boldrin et al. (2009) Assumed 1/3 of 3L used for curing.","version":"00.00.000","parameterScope":"PROCESS_SCOPE","isInputParameter":true,"value":1.0},{"@type":"Parameter","@id":"dee5dba9-5c98-4e06-93f3-ecb48f701830","name":"Mass_Water_Removed","description":"Mg","version":"00.00.000","parameterScope":"PROCESS_SCOPE","isInputParameter":false,"value":6.135589249999992,"formula":"TotMass_Digest-Mass_Dewater"},{"@type":"Parameter","@id":"2b8881f0-2371-4b17-99f8-0e3ad858aff1","name":"Cure_Closs","description":"%  Source:  \"Average for open biowaste systems from Boldrin et al. (2009)","version":"00.00.000","parameterScope":"PROCESS_SCOPE","isInputParameter":true,"value":0.58},{"@type":"Parameter","@id":"9853a7ad-d112-42cc-a7ee-20a166ba82ff","name":"CH4_Combust","description":"kg/Mg","version":"00.00.000","parameterScope":"PROCESS_SCOPE","isInputParameter":false,"value":13.200018392958512,"formula":"CH4_Gen-CH4_Leaked-CH4_Flared"},{"@type":"Parameter","@id":"38eaa662-e2df-43e5-b689-96814ec3a507","name":"WatMass_Compost","description":"Mg","version":"00.00.000","parameterScope":"PROCESS_SCOPE","isInputParameter":false,"value":0.14832394580531397,"formula":"(moisture_content_finished_compost*DryMass_Compost)/(1-moisture_content_finished_compost)"},{"@type":"Parameter","@id":"fcd6af4b-5482-4c55-9676-cc5fcfe703e4","name":"freshwat_GHG_Intensity","description":"kg CO2e/Mg ecoinvent v3.1 - market for tap water, CA-QC","version":"00.00.000","parameterScope":"PROCESS_SCOPE","isInputParameter":true,"value":0.37983},{"@type":"Parameter","@id":"e5f8002c-bc22-417c-92b7-4c4191d356a5","name":"DryMass_Compost","description":"Mg","version":"00.00.000","parameterScope":"PROCESS_SCOPE","isInputParameter":false,"value":0.2224859187079709,"formula":"DryMass_Digest-Mass_CurSolLoss"},{"@type":"Parameter","@id":"2209418a-e00e-4da9-b188-0c6d344a84a6","name":"CH4_Flared","description":"kg/Mg","version":"00.00.000","parameterScope":"PROCESS_SCOPE","isInputParameter":false,"value":2.32941501052209,"formula":"(CH4_Gen-CH4_Leaked)*Per_flare"},{"@type":"Parameter","@id":"e932bec8-1c64-487d-a498-cbd77d5b08d7","name":"AD_SOC","description":"MT CO2e/short ton","version":"00.00.000","parameterScope":"PROCESS_SCOPE","isInputParameter":false,"value":0.06618446345121083,"formula":"Mass_C_Stored/1000000*sh_tn"},{"@type":"Parameter","@id":"ecb74426-be6f-410b-84da-bfde505372a2","name":"C_Soil_Store","description":"%  Source:  \"Bruun et al. (2006)","version":"00.00.000","parameterScope":"PROCESS_SCOPE","isInputParameter":true,"value":0.1},{"@type":"Parameter","@id":"b5aafdde-cfad-44d4-9fa4-222ee6753cea","name":"Mass_N_Offset","description":"kg N","version":"00.00.000","parameterScope":"PROCESS_SCOPE","isInputParameter":false,"value":1.38100464,"formula":"Mass_N_Applied*N_Offset_EF"},{"@type":"Parameter","@id":"b40f0654-342e-40d9-bb3e-0f9fc31a1871","name":"Addl_Heat","description":"%  Source: WERF, 2012","version":"00.00.000","parameterScope":"PROCESS_SCOPE","isInputParameter":true,"value":0.3},{"@type":"Parameter","@id":"31ab61df-fed9-4ee0-ba23-079131633912","name":"dsl_dig_spread","description":"L/Mg  Source:  \"Berglund \u0026 Börjesson (2006); Arsova (2012)","version":"00.00.000","parameterScope":"PROCESS_SCOPE","isInputParameter":true,"value":0.47},{"@type":"Parameter","@id":"34362f3c-7e19-4a78-b3fe-cb2af43ca01c","name":"Mass_Compost","description":"Mg","version":"00.00.000","parameterScope":"PROCESS_SCOPE","isInputParameter":false,"value":0.3708098645132849,"formula":"DryMass_Compost+WatMass_Compost"},{"@type":"Parameter","@id":"f95290a3-6bf5-4bce-8f49-dca42a8caca2","name":"Reactor_Temp","description":"oC  Source: WERF, 2012","version":"00.00.000","parameterScope":"PROCESS_SCOPE","isInputParameter":true,"value":37.0},{"@type":"Parameter","@id":"10d6c59c-595e-4d3d-b160-ab0b215c0864","name":"CH4_Gen","description":"kg/Mg","version":"00.00.000","parameterScope":"PROCESS_SCOPE","isInputParameter":false,"value":15.84636061579653,"formula":"CH4_VolGen*density_CH4_AD"},{"@type":"Parameter","@id":"401dc734-3bf1-475f-9102-3ec2103b6f4a","name":"C_initial_content","description":"%TS","version":"00.00.000","parameterScope":"PROCESS_SCOPE","isInputParameter":true,"value":0.455}],"exchanges":[{"@type":"Exchange","isAvoidedProduct":false,"isInput":false,"amount":1.0,"internalId":1,"flow":{"@type":"Flow","@id":"3526720c-ad45-4116-9db1-65b15f515167","name":"Leaves, digested","category":"Anaerobic Digestion","flowType":"PRODUCT_FLOW","refUnit":"kg"},"unit":{"@type":"Unit","@id":"d4922696-9c95-4b5d-a876-425e98276978","name":"sh tn"},"flowProperty":{"@type":"FlowProperty","@id":"93a60a56-a3c8-11da-a746-0800200b9a66","name":"Mass","category":"Technical flow properties","refUnit":"kg"},"isQuantitativeReference":true},{"@type":"Exchange","isAvoidedProduct":false,"isInput":false,"amount":0.0,"internalId":3,"flow":{"@type":"Flow","@id":"7ae371aa-8532-11e0-9d78-0800200c9a66","name":"Carbon dioxide","category":"Elementary flows/air/unspecified","flowType":"ELEMENTARY_FLOW","refUnit":"kg"},"unit":{"@type":"Unit","@id":"83192ffa-5990-490b-a23a-b45ca072db6f","name":"t"},"flowProperty":{"@type":"FlowProperty","@id":"93a60a56-a3c8-11da-a746-0800200b9a66","name":"Mass","category":"Technical flow properties","refUnit":"kg"}},{"@type":"Exchange","isAvoidedProduct":true,"isInput":true,"amount":0.0,"internalId":4,"flow":{"@type":"Flow","@id":"6ff43b96-4ce1-4545-b60b-e29291b0da0b","name":"Electricity, at grid","category":"Utilities","flowType":"PRODUCT_FLOW","refUnit":"MJ"},"unit":{"@type":"Unit","@id":"86ad2244-1f0e-4912-af53-7865283103e4","name":"kWh"},"flowProperty":{"@type":"FlowProperty","@id":"f6811440-ee37-11de-8a39-0800200c9a66","name":"Energy","category":"Technical flow properties","refUnit":"MJ"}},{"@type":"Exchange","isAvoidedProduct":false,"isInput":false,"amount":0.0,"internalId":7,"flow":{"@type":"Flow","@id":"80bb6903-93b7-4c04-ac53-37775125af8d","name":"Carbon","category":"Elementary flows/resource/in ground","flowType":"ELEMENTARY_FLOW","refUnit":"kg"},"unit":{"@type":"Unit","@id":"83192ffa-5990-490b-a23a-b45ca072db6f","name":"t"},"flowProperty":{"@type":"FlowProperty","@id":"93a60a56-a3c8-11da-a746-0800200b9a66","name":"Mass","category":"Technical flow properties","refUnit":"kg"}},{"@type":"Exchange","isAvoidedProduct":false,"isInput":true,"amount":0.0,"internalId":5,"flow":{"@type":"Flow","@id":"00e3b14f-88b3-4e54-a383-670c16758d89","name":"Distillate oil","category":"Transport/Fuels","flowType":"PRODUCT_FLOW","refUnit":"m3"},"unit":{"@type":"Unit","@id":"1c3a9695-398d-4b1f-b07e-a8715b610f70","name":"m3"},"flowProperty":{"@type":"FlowProperty","@id":"93a60a56-a3c8-22da-a746-0800200c9a66","name":"Volume","category":"Technical flow properties","refUnit":"m3"},"defaultProvider":{"@type":"Process","@id":"7117baab-3689-49d1-98f5-0def54ae5605","name":"Distillate oil for AD, consumption","category":"Transport","processType":"UNIT_PROCESS","flowType":"PRODUCT_FLOW"}},{"@type":"Exchange","isAvoidedProduct":false,"isInput":true,"amount":0.0,"internalId":8,"flow":{"@type":"Flow","@id":"efefd210-d30b-11e4-8830-0800200c9a66","name":"Transport of MSW, by truck","category":"Transport","flowType":"PRODUCT_FLOW","refUnit":"t*km"},"unit":{"@type":"Unit","@id":"cd3712b2-74a5-48cb-9a90-01bf09c4f1eb","name":"sh tn*mi"},"flowProperty":{"@type":"FlowProperty","@id":"838aaa20-0117-11db-92e3-0800200c9a66","name":"Goods transport (mass*distance)","category":"Technical flow properties","refUnit":"t*km"}},{"@type":"Exchange","isAvoidedProduct":false,"isInput":false,"amount":0.0,"internalId":2,"flow":{"@type":"Flow","@id":"20408dd1-8534-11e0-9d78-0800200c9a66","name":"Methane","category":"Elementary flows/air/unspecified","flowType":"ELEMENTARY_FLOW","refUnit":"kg"},"unit":{"@type":"Unit","@id":"83192ffa-5990-490b-a23a-b45ca072db6f","name":"t"},"flowProperty":{"@type":"FlowProperty","@id":"93a60a56-a3c8-11da-a746-0800200b9a66","name":"Mass","category":"Technical flow properties","refUnit":"kg"}},{"@type":"Exchange","isAvoidedProduct":false,"isInput":false,"amount":0.0,"internalId":6,"flow":{"@type":"Flow","@id":"20185046-64bb-4c09-a8e7-e8a9e144ca98","name":"Dinitrogen monoxide","category":"Elementary flows/air/unspecified","flowType":"ELEMENTARY_FLOW","refUnit":"kg"},"unit":{"@type":"Unit","@id":"83192ffa-5990-490b-a23a-b45ca072db6f","name":"t"},"flowProperty":{"@type":"FlowProperty","@id":"93a60a56-a3c8-11da-a746-0800200b9a66","name":"Mass","category":"Technical flow properties","refUnit":"kg"}}],"socialAspects":[],"allocationFactors":[]}