{"@type":"Process","@id":"bca05651-3696-4f05-b68a-3ad1aa63fd3f","name":"MSW landfilling of Wood Flooring; LFG recovery and flaring, aggressive collection, National average conditions","description":"","category":"Landfilling/LFG recovery/Flaring/Aggressive collection/National Average","version":"00.00.002","lastChange":"2022-03-04T19:43:44.331Z","processType":"UNIT_PROCESS","defaultAllocationMethod":"NO_ALLOCATION","isInfrastructureProcess":false,"processDocumentation":{"timeDescription":"","geographyDescription":"","technologyDescription":"","inventoryMethodDescription":"","modelingConstantsDescription":"","completenessDescription":"","dataSelectionDescription":"","dataTreatmentDescription":"","samplingDescription":"","dataCollectionDescription":"","intendedApplication":"","projectDescription":"","isCopyrightProtected":false,"restrictionsDescription":""},"lastInternalId":9,"parameters":[{"@type":"Parameter","@id":"7006d6e5-7e79-4a62-971c-c205ec7e406b","name":"percentage_flaring","description":"%1. Source: EPA, 2014. Inventory of US GHG Emissions and Sinks: 1990-2012. Section 8-1.","version":"00.00.000","parameterScope":"PROCESS_SCOPE","isInputParameter":true,"value":0.0},{"@type":"Parameter","@id":"23c80d22-d47f-4ef7-98db-ea03e001053e","name":"CH4_emitted_energy_recovery","description":"%1. Source: Barlaz data","version":"00.00.000","parameterScope":"PROCESS_SCOPE","isInputParameter":true,"value":0.8449509921619294},{"@type":"Parameter","@id":"bcdbc15e-ec2e-4867-a49f-d985e9202d57","name":"percentage_energy_recovery","description":"%1. Source: EPA, 2014. Inventory of US GHG Emissions and Sinks: 1990-2012. Section 8-1.","version":"00.00.000","parameterScope":"PROCESS_SCOPE","isInputParameter":true,"value":0.0},{"@type":"Parameter","@id":"357c9149-da08-4160-a3d2-9c9849f54c12","name":"electricity_from_CH4","description":"kWh generated electricity per metric tonne of methane","version":"00.00.000","parameterScope":"PROCESS_SCOPE","isInputParameter":false,"value":3676.068376068375,"formula":"CH4_calorific_value*net_capacity*kWh_per_BTU_CH4/(density_CH4_for_electricity/1000000)"},{"@type":"Parameter","@id":"329ad797-1e01-476a-8586-55aa38af7e2c","name":"CH4_emitted_final","version":"00.00.000","parameterScope":"PROCESS_SCOPE","isInputParameter":false,"value":0.9,"formula":"(1-CH4_flared-CH4_oxidized)* percentage_flaring+CH4_emitted_no_LFG_recovery*percentage_no_recovery+CH4_emitted_energy_recovery*percentage_energy_recovery"},{"@type":"Parameter","@id":"041043e9-8eef-48c8-b3f8-e0ade1930a80","name":"CH4_recovered_for_energy","description":"%1. Source: Barlaz data","version":"00.00.000","parameterScope":"PROCESS_SCOPE","isInputParameter":true,"value":0.0},{"@type":"Parameter","@id":"63a89878-10c1-4999-80cf-94192e7a6019","name":"CH4_flared","description":"%1. Source: Barlaz data","version":"00.00.000","parameterScope":"PROCESS_SCOPE","isInputParameter":true,"value":0.0},{"@type":"Parameter","@id":"0498d4f5-54ae-464c-9b78-24968f7313ca","name":"CH4_oxidized","description":"%1. Source: Barlaz data","version":"00.00.000","parameterScope":"PROCESS_SCOPE","isInputParameter":true,"value":0.1550490078380706},{"@type":"Parameter","@id":"214717c4-3641-475c-8fbd-161ef5fe8b99","name":"percentage_no_recovery","description":"%1. Source: EPA, 2014. Inventory of US GHG Emissions and Sinks: 1990-2012. Section 8-1.","version":"00.00.000","parameterScope":"PROCESS_SCOPE","isInputParameter":true,"value":1.0},{"@type":"Parameter","@id":"7098a03e-56c5-468f-8eab-a5e06750acd1","name":"final_yield_CH4","description":"metric tonne of methane per dry tonne of waste landfilled","version":"00.00.000","parameterScope":"PROCESS_SCOPE","isInputParameter":false,"value":0.010666666666666677,"formula":"if((C_storage_wood_flooring+2*yield_CH4_wood_flooring*(density_CH4_standard/1000)*CH4_to_C)/C_initial_content_wood_flooring\u003e1;yield_CH4_wood_flooring*(density_CH4_standard/1000);(C_initial_content_wood_flooring-C_storage_wood_flooring)/(2*CH4_to_C))"},{"@type":"Parameter","@id":"46cebc31-8c42-4dc1-a7d8-a23165346fa4","name":"C_storage_final","description":"metric tonne of carbon stored per dry tonne of waste landfilled","version":"00.00.000","parameterScope":"PROCESS_SCOPE","isInputParameter":false,"value":0.418,"formula":"if((C_storage_wood_flooring+2*yield_CH4_wood_flooring*(density_CH4_standard/1000)*CH4_to_C)/C_initial_content_wood_flooring\u003e1;C_initial_content_wood_flooring-(2*yield_CH4_wood_flooring*(density_CH4_standard/1000)*CH4_to_C);C_storage_wood_flooring)"}],"exchanges":[{"@type":"Exchange","isAvoidedProduct":false,"isInput":false,"amount":1.0,"internalId":1,"flow":{"@type":"Flow","@id":"21564ad1-d835-44e7-90f5-911bcd348208","name":"Wood Flooring, landfilled","category":"Landfilling","flowType":"PRODUCT_FLOW","refUnit":"kg"},"unit":{"@type":"Unit","@id":"d4922696-9c95-4b5d-a876-425e98276978","name":"sh tn"},"flowProperty":{"@type":"FlowProperty","@id":"93a60a56-a3c8-11da-a746-0800200b9a66","name":"Mass","category":"Technical flow properties","refUnit":"kg"},"isQuantitativeReference":true},{"@type":"Exchange","isAvoidedProduct":false,"isInput":false,"amount":16.01,"internalId":7,"flow":{"@type":"Flow","@id":"c9f2c667-eeab-448e-9c0c-6da04000fda6","name":"Taxes","category":"Economic flows","flowType":"ELEMENTARY_FLOW","refUnit":"USD 2002"},"unit":{"@type":"Unit","@id":"930e411f-542b-4f66-8e83-b04c303a9780","name":"USD 2002"},"flowProperty":{"@type":"FlowProperty","@id":"a1040c82-c3ac-4de0-8ac2-5aef733752b3","name":"Taxes","category":"Economic flow properties","refUnit":"USD 2002"}},{"@type":"Exchange","isAvoidedProduct":false,"isInput":false,"amount":0.28440241598999944,"amountFormula":"C_storage_final *(1-moisture_content_wood_flooring)/tonne_to_sh_tn","internalId":4,"flow":{"@type":"Flow","@id":"80bb6903-93b7-4c04-ac53-37775125af8d","name":"Carbon","category":"Elementary flows/resource/in ground","flowType":"ELEMENTARY_FLOW","refUnit":"kg"},"unit":{"@type":"Unit","@id":"83192ffa-5990-490b-a23a-b45ca072db6f","name":"t"},"flowProperty":{"@type":"FlowProperty","@id":"93a60a56-a3c8-11da-a746-0800200b9a66","name":"Mass","category":"Technical flow properties","refUnit":"kg"}},{"@type":"Exchange","isAvoidedProduct":true,"isInput":true,"amount":0.0,"amountFormula":"electricity_from_CH4*CH4_recovered_for_energy*(1-system_down_time)*(final_yield_CH4*(1-moisture_content_wood_flooring)/tonne_to_sh_tn)","internalId":3,"flow":{"@type":"Flow","@id":"6ff43b96-4ce1-4545-b60b-e29291b0da0b","name":"Electricity, at grid","category":"Utilities","flowType":"PRODUCT_FLOW","refUnit":"MJ"},"unit":{"@type":"Unit","@id":"86ad2244-1f0e-4912-af53-7865283103e4","name":"kWh"},"flowProperty":{"@type":"FlowProperty","@id":"f6811440-ee37-11de-8a39-0800200c9a66","name":"Energy","category":"Technical flow properties","refUnit":"MJ"},"defaultProvider":{"@type":"Process","@id":"c7ffaf84-2ce2-4d7d-a76a-0a08421e4073","name":"Electricity generation, at grid, National","category":"Utilities","processType":"UNIT_PROCESS","flowType":"PRODUCT_FLOW"}},{"@type":"Exchange","isAvoidedProduct":false,"isInput":false,"amount":6.6E-4,"internalId":9,"flow":{"@type":"Flow","@id":"f45fbcf0-24f0-4ce1-b1d9-78f2ed0d5a34","name":"Jobs","category":"Economic flows","flowType":"ELEMENTARY_FLOW","refUnit":"Item(s)"},"unit":{"@type":"Unit","@id":"6dabe201-aaac-4509-92f0-d00c26cb72ab","name":"Item(s)"},"flowProperty":{"@type":"FlowProperty","@id":"730ff828-c278-4986-a25b-31436adf5d09","name":"Jobs","category":"Economic flow properties","refUnit":"Item(s)"}},{"@type":"Exchange","isAvoidedProduct":false,"isInput":true,"amount":230800.0,"amountFormula":"Diesel_energy_consumption_operation","internalId":5,"flow":{"@type":"Flow","@id":"e24f0781-7863-4711-bdd2-110bc33ab31c","name":"Landfill operation, diesel","category":"Transport","flowType":"PRODUCT_FLOW","refUnit":"MJ"},"unit":{"@type":"Unit","@id":"55244053-94ba-404e-9172-cb279d905e00","name":"btu"},"flowProperty":{"@type":"FlowProperty","@id":"f6811440-ee37-11de-8a39-0800200c9a66","name":"Energy","category":"Technical flow properties","refUnit":"MJ"}},{"@type":"Exchange","isAvoidedProduct":false,"isInput":true,"amount":20.0,"amountFormula":"1.0*(transport_distance_landfilling)","internalId":2,"flow":{"@type":"Flow","@id":"efefd210-d30b-11e4-8830-0800200c9a66","name":"Transport of MSW, by truck","category":"Transport","flowType":"PRODUCT_FLOW","refUnit":"t*km"},"unit":{"@type":"Unit","@id":"cd3712b2-74a5-48cb-9a90-01bf09c4f1eb","name":"sh tn*mi"},"flowProperty":{"@type":"FlowProperty","@id":"838aaa20-0117-11db-92e3-0800200c9a66","name":"Goods transport (mass*distance)","category":"Technical flow properties","refUnit":"t*km"}},{"@type":"Exchange","isAvoidedProduct":false,"isInput":false,"amount":43.15,"internalId":8,"flow":{"@type":"Flow","@id":"8c2daef6-fd94-410b-a258-7df1f02c1bce","name":"Wages","category":"Economic flows","flowType":"ELEMENTARY_FLOW","refUnit":"USD 2002"},"unit":{"@type":"Unit","@id":"930e411f-542b-4f66-8e83-b04c303a9780","name":"USD 2002"},"flowProperty":{"@type":"FlowProperty","@id":"a564e6b0-84b1-4f2e-a67f-5502dd9bf124","name":"Wages","category":"Economic flow properties","refUnit":"USD 2002"}},{"@type":"Exchange","isAvoidedProduct":false,"isInput":false,"amount":0.006531730127999994,"amountFormula":"CH4_emitted_final*final_yield_CH4*(1-moisture_content_wood_flooring)/tonne_to_sh_tn","internalId":6,"flow":{"@type":"Flow","@id":"20408dd1-8534-11e0-9d78-0800200c9a66","name":"Methane","category":"Elementary flows/air/unspecified","flowType":"ELEMENTARY_FLOW","refUnit":"kg"},"unit":{"@type":"Unit","@id":"83192ffa-5990-490b-a23a-b45ca072db6f","name":"t"},"flowProperty":{"@type":"FlowProperty","@id":"93a60a56-a3c8-11da-a746-0800200b9a66","name":"Mass","category":"Technical flow properties","refUnit":"kg"}}],"socialAspects":[],"allocationFactors":[]}