{"@type":"Process","@id":"bcb28ef2-f37c-4cba-ba63-9cafe26acd5b","name":"MSW composting of Leaves","description":"","category":"Composting","version":"00.00.007","lastChange":"2022-02-17T21:24:48.795Z","processType":"UNIT_PROCESS","isInfrastructureProcess":false,"processDocumentation":{"timeDescription":"","geographyDescription":"","technologyDescription":"","inventoryMethodDescription":"","modelingConstantsDescription":"","completenessDescription":"","dataSelectionDescription":"","dataTreatmentDescription":"","samplingDescription":"","dataCollectionDescription":"","intendedApplication":"","projectDescription":"","isCopyrightProtected":false,"restrictionsDescription":""},"lastInternalId":10,"parameters":[{"@type":"Parameter","@id":"06a82621-2c93-488c-b656-c265d2c2ebef","name":"diesel_wood_chipping","description":"gallons of diesel / short ton of hardwood flooring. Source: Levis (2008), p. 231","version":"00.00.000","parameterScope":"PROCESS_SCOPE","isInputParameter":true,"value":0.0}],"exchanges":[{"@type":"Exchange","isAvoidedProduct":false,"isInput":false,"amount":1.0,"internalId":1,"flow":{"@type":"Flow","@id":"022dd706-5bdb-471c-88a9-f2cca99e900a","name":"Leaves, composted","category":"Composting","flowType":"PRODUCT_FLOW","refUnit":"kg"},"unit":{"@type":"Unit","@id":"d4922696-9c95-4b5d-a876-425e98276978","name":"sh tn"},"flowProperty":{"@type":"FlowProperty","@id":"93a60a56-a3c8-11da-a746-0800200b9a66","name":"Mass","category":"Technical flow properties","refUnit":"kg"},"isQuantitativeReference":true},{"@type":"Exchange","isAvoidedProduct":false,"isInput":false,"amount":4.8087406040268454E-5,"amountFormula":"N2O_greenwaste/GWP_N2O","internalId":5,"flow":{"@type":"Flow","@id":"20185046-64bb-4c09-a8e7-e8a9e144ca98","name":"Dinitrogen monoxide","category":"Elementary flows/air/unspecified","flowType":"ELEMENTARY_FLOW","refUnit":"kg"},"unit":{"@type":"Unit","@id":"83192ffa-5990-490b-a23a-b45ca072db6f","name":"t"},"flowProperty":{"@type":"FlowProperty","@id":"93a60a56-a3c8-11da-a746-0800200b9a66","name":"Mass","category":"Technical flow properties","refUnit":"kg"}},{"@type":"Exchange","isAvoidedProduct":false,"isInput":false,"amount":2.449E-4,"internalId":8,"flow":{"@type":"Flow","@id":"f45fbcf0-24f0-4ce1-b1d9-78f2ed0d5a34","name":"Jobs","category":"Economic flows","flowType":"ELEMENTARY_FLOW","refUnit":"Item(s)"},"unit":{"@type":"Unit","@id":"6dabe201-aaac-4509-92f0-d00c26cb72ab","name":"Item(s)"},"flowProperty":{"@type":"FlowProperty","@id":"730ff828-c278-4986-a25b-31436adf5d09","name":"Jobs","category":"Economic flow properties","refUnit":"Item(s)"}},{"@type":"Exchange","isAvoidedProduct":false,"isInput":false,"amount":3.57,"internalId":10,"flow":{"@type":"Flow","@id":"c9f2c667-eeab-448e-9c0c-6da04000fda6","name":"Taxes","category":"Economic flows","flowType":"ELEMENTARY_FLOW","refUnit":"USD 2002"},"unit":{"@type":"Unit","@id":"930e411f-542b-4f66-8e83-b04c303a9780","name":"USD 2002"},"flowProperty":{"@type":"FlowProperty","@id":"a1040c82-c3ac-4de0-8ac2-5aef733752b3","name":"Taxes","category":"Economic flow properties","refUnit":"USD 2002"}},{"@type":"Exchange","isAvoidedProduct":false,"isInput":true,"amount":0.0,"amountFormula":"diesel_wood_chipping","internalId":6,"flow":{"@type":"Flow","@id":"24ecda7d-7c05-45f6-94d2-005924940d26","name":"Wood chipping","category":"Other","flowType":"PRODUCT_FLOW","refUnit":"m3"},"unit":{"@type":"Unit","@id":"431df202-da83-4baa-b576-5d17f59f0c8a","name":"gal (US fl)"},"flowProperty":{"@type":"FlowProperty","@id":"93a60a56-a3c8-22da-a746-0800200c9a66","name":"Volume","category":"Technical flow properties","refUnit":"m3"}},{"@type":"Exchange","isAvoidedProduct":false,"isInput":true,"amount":20.0,"amountFormula":"1.0*(transport_distance_composting)","internalId":7,"flow":{"@type":"Flow","@id":"efefd210-d30b-11e4-8830-0800200c9a66","name":"Transport of MSW, by truck","category":"Transport","flowType":"PRODUCT_FLOW","refUnit":"t*km"},"unit":{"@type":"Unit","@id":"cd3712b2-74a5-48cb-9a90-01bf09c4f1eb","name":"sh tn*mi"},"flowProperty":{"@type":"FlowProperty","@id":"838aaa20-0117-11db-92e3-0800200c9a66","name":"Goods transport (mass*distance)","category":"Technical flow properties","refUnit":"t*km"}},{"@type":"Exchange","isAvoidedProduct":false,"isInput":false,"amount":0.00612885088,"amountFormula":"CH4_greenwaste/GWP_CH4","internalId":2,"flow":{"@type":"Flow","@id":"20408dd1-8534-11e0-9d78-0800200c9a66","name":"Methane","category":"Elementary flows/air/unspecified","flowType":"ELEMENTARY_FLOW","refUnit":"kg"},"unit":{"@type":"Unit","@id":"83192ffa-5990-490b-a23a-b45ca072db6f","name":"t"},"flowProperty":{"@type":"FlowProperty","@id":"93a60a56-a3c8-11da-a746-0800200b9a66","name":"Mass","category":"Technical flow properties","refUnit":"kg"}},{"@type":"Exchange","isAvoidedProduct":false,"isInput":false,"amount":0.06563071558288822,"amountFormula":"c_storage_restoration+c_storage_humus","internalId":4,"flow":{"@type":"Flow","@id":"8c2fe757-6866-4ed2-9f89-81012ad774a0","name":"Carbon, in organic matter, in soil","category":"Elementary flows/resource/in ground","flowType":"ELEMENTARY_FLOW","refUnit":"kg"},"unit":{"@type":"Unit","@id":"83192ffa-5990-490b-a23a-b45ca072db6f","name":"t"},"flowProperty":{"@type":"FlowProperty","@id":"93a60a56-a3c8-11da-a746-0800200b9a66","name":"Mass","category":"Technical flow properties","refUnit":"kg"}},{"@type":"Exchange","isAvoidedProduct":false,"isInput":false,"amount":12.11,"internalId":9,"flow":{"@type":"Flow","@id":"8c2daef6-fd94-410b-a258-7df1f02c1bce","name":"Wages","category":"Economic flows","flowType":"ELEMENTARY_FLOW","refUnit":"USD 2002"},"unit":{"@type":"Unit","@id":"930e411f-542b-4f66-8e83-b04c303a9780","name":"USD 2002"},"flowProperty":{"@type":"FlowProperty","@id":"a564e6b0-84b1-4f2e-a67f-5502dd9bf124","name":"Wages","category":"Economic flow properties","refUnit":"USD 2002"}},{"@type":"Exchange","isAvoidedProduct":false,"isInput":true,"amount":1.389063482086738,"amountFormula":"diesel_consumption_operation/energy_content_diesel","internalId":3,"flow":{"@type":"Flow","@id":"62478acd-4a0b-40fb-a78a-573ff9867d93","name":"Compost piles turning, operation with diesel","category":"Transport","flowType":"PRODUCT_FLOW","refUnit":"m3"},"unit":{"@type":"Unit","@id":"431df202-da83-4baa-b576-5d17f59f0c8a","name":"gal (US fl)"},"flowProperty":{"@type":"FlowProperty","@id":"93a60a56-a3c8-22da-a746-0800200c9a66","name":"Volume","category":"Technical flow properties","refUnit":"m3"}}],"socialAspects":[],"allocationFactors":[]}