{"@type":"Process","@id":"c82c9871-c92b-4ad6-ac68-4f4c09cd6b33","name":"Product manufacturing, from Magazines Third-class Mail, using 100% recycled inputs","description":"","category":"Product manufacturing/100% Recycled inputs","version":"00.00.001","lastChange":"2017-05-10T20:38:26.200Z","processType":"UNIT_PROCESS","isInfrastructureProcess":false,"location":{"@type":"Location","@id":"0b3b97fa-6688-3c56-88ee-4ae80ec0c3c2","name":"United States"},"processDocumentation":{"timeDescription":"","geographyDescription":"","technologyDescription":"","inventoryMethodDescription":"","modelingConstantsDescription":"","completenessDescription":"","dataSelectionDescription":"","dataTreatmentDescription":"","samplingDescription":"","dataCollectionDescription":"","intendedApplication":"","projectDescription":"","isCopyrightProtected":false,"restrictionsDescription":""},"lastInternalId":9,"parameters":[{"@type":"Parameter","@id":"33f73551-1bda-475d-971f-a37b1735912e","name":"CH4_non_energy_recycled","description":"t/short ton","version":"00.00.000","parameterScope":"PROCESS_SCOPE","isInputParameter":true,"value":0.0},{"@type":"Parameter","@id":"da1ba1ce-2d48-4a17-9efe-6a0da96b02fb","name":"CF4_non_energy_recycled","description":"t/short ton","version":"00.00.000","parameterScope":"PROCESS_SCOPE","isInputParameter":true,"value":0.0},{"@type":"Parameter","@id":"2cccdc9e-3e16-4e94-8c23-39f70763c3ef","name":"distance_to_retailer","description":"miles","version":"00.00.000","parameterScope":"PROCESS_SCOPE","isInputParameter":true,"value":257.0},{"@type":"Parameter","@id":"935dbdf1-5005-4b4b-9bbb-1e5f8a8105e7","name":"N2O_non_energy_recycled","description":"t/short ton","version":"00.00.000","parameterScope":"PROCESS_SCOPE","isInputParameter":true,"value":0.0},{"@type":"Parameter","@id":"360ed18b-ef44-4ec5-a8c4-f7d330f9122e","name":"transport_energy_recycled","description":"MMBTU/short ton","version":"00.00.000","parameterScope":"PROCESS_SCOPE","isInputParameter":true,"value":0.0},{"@type":"Parameter","@id":"b28dd7e6-e176-4689-a5f1-6c9914ad7518","name":"C2F6_non_energy_recycled","description":"t/short ton","version":"00.00.000","parameterScope":"PROCESS_SCOPE","isInputParameter":true,"value":0.0},{"@type":"Parameter","@id":"766ac022-3171-4f3d-a590-21bc6eb3d0f4","name":"process_energy_recycled","description":"MMBTU/short ton","version":"00.00.000","parameterScope":"PROCESS_SCOPE","isInputParameter":true,"value":31.9709096713586},{"@type":"Parameter","@id":"36a209db-91fd-4284-b69f-f1971a940ec9","name":"CO2_non_energy_recycled","description":"t/short ton","version":"00.00.000","parameterScope":"PROCESS_SCOPE","isInputParameter":true,"value":0.0}],"exchanges":[{"@type":"Exchange","isAvoidedProduct":false,"isInput":false,"amount":1.0,"internalId":1,"flow":{"@type":"Flow","@id":"684754f5-623f-41b0-bebf-d5cb186a0431","name":"Product manufactured, from Magazines Third-class Mail, using 100% recycled inputs","category":"Product manufactured/100% Recycled inputs","flowType":"PRODUCT_FLOW","refUnit":"kg"},"unit":{"@type":"Unit","@id":"d4922696-9c95-4b5d-a876-425e98276978","name":"sh tn"},"flowProperty":{"@type":"FlowProperty","@id":"93a60a56-a3c8-11da-a746-0800200b9a66","name":"Mass","category":"Technical flow properties","refUnit":"kg"},"isQuantitativeReference":true},{"@type":"Exchange","isAvoidedProduct":false,"isInput":true,"amount":3.19709096713586E7,"amountFormula":"process_energy_recycled*1000000","internalId":8,"flow":{"@type":"Flow","@id":"4f0d906b-c03f-4bd6-a88e-232110395a04","name":"Process energy, for product manufacturing from Magazines Third-class Mail, using 100% recycled inputs","category":"Utilities/Process energy/100% Recycled inputs","flowType":"PRODUCT_FLOW","refUnit":"MJ"},"unit":{"@type":"Unit","@id":"55244053-94ba-404e-9172-cb279d905e00","name":"btu"},"flowProperty":{"@type":"FlowProperty","@id":"f6811440-ee37-11de-8a39-0800200c9a66","name":"Energy","category":"Technical flow properties","refUnit":"MJ"}},{"@type":"Exchange","isAvoidedProduct":false,"isInput":true,"amount":257.0,"amountFormula":"1*distance_to_retailer","internalId":9,"flow":{"@type":"Flow","@id":"2de075bf-79e2-4d96-8942-44e852ac68e9","name":"Transport of manufactured products, to retailer","category":"Transport","flowType":"PRODUCT_FLOW","refUnit":"t*km"},"unit":{"@type":"Unit","@id":"cd3712b2-74a5-48cb-9a90-01bf09c4f1eb","name":"sh tn*mi"},"flowProperty":{"@type":"FlowProperty","@id":"838aaa20-0117-11db-92e3-0800200c9a66","name":"Goods transport (mass*distance)","category":"Technical flow properties","refUnit":"t*km"}},{"@type":"Exchange","isAvoidedProduct":false,"isInput":false,"amount":0.0,"amountFormula":"CF4_non_energy_recycled","internalId":3,"flow":{"@type":"Flow","@id":"33681770-a0e1-4ce8-93c3-941fd607fa5f","name":"Methane, tetrafluoro-, R-14","category":"Elementary flows/air/unspecified","flowType":"ELEMENTARY_FLOW","refUnit":"kg"},"unit":{"@type":"Unit","@id":"83192ffa-5990-490b-a23a-b45ca072db6f","name":"t"},"flowProperty":{"@type":"FlowProperty","@id":"93a60a56-a3c8-11da-a746-0800200b9a66","name":"Mass","category":"Technical flow properties","refUnit":"kg"}},{"@type":"Exchange","isAvoidedProduct":false,"isInput":false,"amount":0.0,"amountFormula":"CH4_non_energy_recycled","internalId":2,"flow":{"@type":"Flow","@id":"20408dd1-8534-11e0-9d78-0800200c9a66","name":"Methane","category":"Elementary flows/air/unspecified","flowType":"ELEMENTARY_FLOW","refUnit":"kg"},"unit":{"@type":"Unit","@id":"83192ffa-5990-490b-a23a-b45ca072db6f","name":"t"},"flowProperty":{"@type":"FlowProperty","@id":"93a60a56-a3c8-11da-a746-0800200b9a66","name":"Mass","category":"Technical flow properties","refUnit":"kg"}},{"@type":"Exchange","isAvoidedProduct":false,"isInput":false,"amount":0.0,"amountFormula":"CO2_non_energy_recycled","internalId":7,"flow":{"@type":"Flow","@id":"7ae371aa-8532-11e0-9d78-0800200c9a66","name":"Carbon dioxide","category":"Elementary flows/air/unspecified","flowType":"ELEMENTARY_FLOW","refUnit":"kg"},"unit":{"@type":"Unit","@id":"83192ffa-5990-490b-a23a-b45ca072db6f","name":"t"},"flowProperty":{"@type":"FlowProperty","@id":"93a60a56-a3c8-11da-a746-0800200b9a66","name":"Mass","category":"Technical flow properties","refUnit":"kg"}},{"@type":"Exchange","isAvoidedProduct":false,"isInput":true,"amount":0.0,"amountFormula":"transport_energy_recycled*1000000","internalId":4,"flow":{"@type":"Flow","@id":"e4a324fe-5c43-4603-ba54-461126a98975","name":"Transport, in product manufacturing from Magazines Third-class Mail, using 100% recycled inputs","category":"Transport/Product manufacturing/100% Recycled inputs","flowType":"PRODUCT_FLOW","refUnit":"MJ"},"unit":{"@type":"Unit","@id":"55244053-94ba-404e-9172-cb279d905e00","name":"btu"},"flowProperty":{"@type":"FlowProperty","@id":"f6811440-ee37-11de-8a39-0800200c9a66","name":"Energy","category":"Technical flow properties","refUnit":"MJ"}},{"@type":"Exchange","isAvoidedProduct":false,"isInput":false,"amount":0.0,"amountFormula":"N2O_non_energy_recycled","internalId":6,"flow":{"@type":"Flow","@id":"20185046-64bb-4c09-a8e7-e8a9e144ca98","name":"Dinitrogen monoxide","category":"Elementary flows/air/unspecified","flowType":"ELEMENTARY_FLOW","refUnit":"kg"},"unit":{"@type":"Unit","@id":"83192ffa-5990-490b-a23a-b45ca072db6f","name":"t"},"flowProperty":{"@type":"FlowProperty","@id":"93a60a56-a3c8-11da-a746-0800200b9a66","name":"Mass","category":"Technical flow properties","refUnit":"kg"}},{"@type":"Exchange","isAvoidedProduct":false,"isInput":false,"amount":0.0,"amountFormula":"C2F6_non_energy_recycled","internalId":5,"flow":{"@type":"Flow","@id":"acc39720-dda7-4b3a-80c7-c6394cad4191","name":"Ethane, hexafluoro-, HFC-116","category":"Elementary flows/air/unspecified","flowType":"ELEMENTARY_FLOW","refUnit":"kg"},"unit":{"@type":"Unit","@id":"83192ffa-5990-490b-a23a-b45ca072db6f","name":"t"},"flowProperty":{"@type":"FlowProperty","@id":"93a60a56-a3c8-11da-a746-0800200b9a66","name":"Mass","category":"Technical flow properties","refUnit":"kg"}}],"socialAspects":[],"allocationFactors":[]}