{"@type":"Process","@id":"dfd17961-ede4-4ed4-8020-2fdb27f2572b","name":"Anaerobic digestion of Mixed Organics; Dry digestion, Not cured","description":"","category":"Anaerobic digestion/Dry digestion/Not cured","version":"00.00.013","lastChange":"2025-06-11T01:49:27.895Z","processType":"UNIT_PROCESS","defaultAllocationMethod":"NO_ALLOCATION","isInfrastructureProcess":false,"location":{"@type":"Location","@id":"0b3b97fa-6688-3c56-88ee-4ae80ec0c3c2","name":"United States"},"processDocumentation":{"timeDescription":"","geographyDescription":"","technologyDescription":"","inventoryMethodDescription":"","modelingConstantsDescription":"","completenessDescription":"","dataSelectionDescription":"","dataTreatmentDescription":"","samplingDescription":"","dataCollectionDescription":"","intendedApplication":"","projectDescription":"","isCopyrightProtected":false,"restrictionsDescription":""},"lastInternalId":11,"parameters":[{"@type":"Parameter","@id":"1854d13d-78b7-47ed-93dc-4c90a76cfc49","name":"moisture_content_dewater_wet","description":"%ww  Metcalf and Eddy (2003)","version":"00.00.000","parameterScope":"PROCESS_SCOPE","isInputParameter":true,"value":0.76},{"@type":"Parameter","@id":"60c3bce9-49ca-4485-9f06-6d4e1490b746","name":"leach_trt","description":"Mg/Mg","version":"00.00.000","parameterScope":"PROCESS_SCOPE","isInputParameter":false,"value":0.0,"formula":"0+0"},{"@type":"Parameter","@id":"278a2950-5f05-4c0c-b1dc-5919e163e0df","name":"Addl_Heat","description":"%  Source: WERF, 2012","version":"00.00.000","parameterScope":"PROCESS_SCOPE","isInputParameter":true,"value":0.3},{"@type":"Parameter","@id":"18b47489-8dfe-4958-ba21-6471f837e029","name":"Elec_gen_eff","description":"%1. Source: U.S. EPA 2013. LMOP Benefits Calculator","version":"00.00.000","parameterScope":"PROCESS_SCOPE","isInputParameter":true,"value":0.29},{"@type":"Parameter","@id":"2ff1ddc4-31b3-4e68-8197-49cde57b24d4","name":"Mass_C_CureLoss","description":"kg C","version":"00.00.000","parameterScope":"PROCESS_SCOPE","isInputParameter":false,"value":0.0,"formula":"0"},{"@type":"Parameter","@id":"6f1e2fe2-0c4e-4c71-bd49-febef530d7ed","name":"C_Hum_Store","description":"kg C stored/kg C applied  Source:  \"Calculated from WARM Composting Documentation as shown in Humus Formation Sheet","version":"00.00.000","parameterScope":"PROCESS_SCOPE","isInputParameter":true,"value":0.51},{"@type":"Parameter","@id":"73c937bd-4673-4f39-a43d-a563cc5adb13","name":"AD_diesel_emissions","description":"L/short ton","version":"00.00.000","parameterScope":"PROCESS_SCOPE","isInputParameter":false,"value":0.01935238511826457,"formula":"Dsl_tot*GHGPerGallon_distillate/1000000*sh_tn"},{"@type":"Parameter","@id":"024780ea-77b0-4603-a477-95124f9af89b","name":"Dsl_tot","description":"L/Mg","version":"00.00.000","parameterScope":"PROCESS_SCOPE","isInputParameter":false,"value":6.86288390031341,"formula":"6.86288390031341"},{"@type":"Parameter","@id":"ab99e8b6-42b5-4af1-8548-de5000f4f5e7","name":"Transport_emissions","description":"MT CO2/short ton","version":"00.00.000","parameterScope":"PROCESS_SCOPE","isInputParameter":false,"value":0.00328408723293882,"formula":"transport_distance_AD * combination_truck_GHG_tn_mi "},{"@type":"Parameter","@id":"91ce9668-dbb6-4aa2-87be-8f7d50704124","name":"Waste_Temp","description":"oC  Source: WERF, 2012","version":"00.00.000","parameterScope":"PROCESS_SCOPE","isInputParameter":true,"value":14.0},{"@type":"Parameter","@id":"c8f7a2e6-2d00-4601-b544-70a6f0248fca","name":"AD_Net_electricity_export","description":"kWh/short ton","version":"00.00.000","parameterScope":"PROCESS_SCOPE","isInputParameter":false,"value":128.83406996040776,"formula":"ElecOff/1000*sh_tn*(1+transmission_and_distribution_losses)"},{"@type":"Parameter","@id":"02c4b875-19d5-4377-8338-c894cc291373","name":"Enrg_Wat_Heat","description":"MJ/Mg","version":"00.00.000","parameterScope":"PROCESS_SCOPE","isInputParameter":false,"value":0.0,"formula":"0+0"},{"@type":"Parameter","@id":"b83b625c-21be-4a5a-8b5a-697edb81f010","name":"NFert_GHG","description":"kg CO2e/kg N   Source:  \"Boldrin et al. (2009)","version":"00.00.000","parameterScope":"PROCESS_SCOPE","isInputParameter":true,"value":8.9},{"@type":"Parameter","@id":"5be2eebe-c2c5-48b1-9a43-d3b9e3c16898","name":"moisture_content","description":"%ww","version":"00.00.000","parameterScope":"PROCESS_SCOPE","isInputParameter":true,"value":0.6299729160819534},{"@type":"Parameter","@id":"dd4c7dfa-1f35-4d24-8de5-7f5fd1ef8bdb","name":"DryMass_In","description":"Mg","version":"00.00.000","parameterScope":"PROCESS_SCOPE","isInputParameter":false,"value":0.3700270839180466,"formula":"1*(1-moisture_content)"},{"@type":"Parameter","@id":"67643199-9604-479b-9cfd-ac8080d4fce0","name":"P_fert_offset","description":"MT CO2e/short ton","version":"00.00.000","parameterScope":"PROCESS_SCOPE","isInputParameter":false,"value":-0.001932956232098175,"formula":"Mass_P_offset*-1*Pfert_GHG/1000000*sh_tn"},{"@type":"Parameter","@id":"bd35a427-97c0-4133-b243-1f5763d24e2b","name":"Mass_N_Applied","description":"kg N","version":"00.00.000","parameterScope":"PROCESS_SCOPE","isInputParameter":false,"value":10.199514608186128,"formula":"Mass_N_Digest"},{"@type":"Parameter","@id":"937870dc-e3fb-4ff5-ae93-0a6d4547034d","name":"Waste_SpecificHeat","description":"MJ/Mg-K  Source: Average of table of foods in Food Heat Capacities worksheet.","version":"00.00.000","parameterScope":"PROCESS_SCOPE","isInputParameter":true,"value":3.3},{"@type":"Parameter","@id":"58a1e358-66a6-426f-b068-5fe2c4c1cb1b","name":"freshwat_GHG_Intensity","description":"kg CO2e/Mg ecoinvent v3.1 - market for tap water, CA-QC","version":"00.00.000","parameterScope":"PROCESS_SCOPE","isInputParameter":true,"value":0.37983},{"@type":"Parameter","@id":"40743bcb-03fb-4bb0-a31e-c1d0deab32c8","name":"CH4_Combust","description":"kg/Mg","version":"00.00.000","parameterScope":"PROCESS_SCOPE","isInputParameter":false,"value":37.91927455274561,"formula":"CH4_Gen-CH4_Leaked-CH4_Flared"},{"@type":"Parameter","@id":"0c628619-e036-485e-b31e-b9c0db246b86","name":"Mass_P_Applied","description":"kg P","version":"00.00.000","parameterScope":"PROCESS_SCOPE","isInputParameter":false,"value":1.333063331990019,"formula":"Mass_P_Digest"},{"@type":"Parameter","@id":"8ab9f9e1-2fae-41be-b97e-e54b1c014656","name":"Mass_CurSolLoss","description":"Mg","version":"00.00.000","parameterScope":"PROCESS_SCOPE","isInputParameter":false,"value":0.0,"formula":"Mole_C_CureLoss*Cure_VSLossPerC/1000000"},{"@type":"Parameter","@id":"144814a5-04e6-4a7b-8db9-87ddedd7fc93","name":"P_initial_content","description":"%TS","version":"00.00.000","parameterScope":"PROCESS_SCOPE","isInputParameter":true,"value":0.003602610159977547},{"@type":"Parameter","@id":"a9cb9af6-aeb0-4f20-858d-a5465cef2108","name":"N_initial_content","description":"%TS","version":"00.00.000","parameterScope":"PROCESS_SCOPE","isInputParameter":true,"value":0.029961128262699976},{"@type":"Parameter","@id":"4740377c-fd49-4d28-a285-2ec2b7bb55d5","name":"AD_SOC","description":"MT CO2e/short ton","version":"00.00.000","parameterScope":"PROCESS_SCOPE","isInputParameter":false,"value":0.06065253781680498,"formula":"Mass_C_Stored/1000000*sh_tn"},{"@type":"Parameter","@id":"5a15d270-059e-499c-abb9-d8f10f7e0120","name":"ElecGen","description":"kWh/Mg","version":"00.00.000","parameterScope":"PROCESS_SCOPE","isInputParameter":false,"value":152.73041139300315,"formula":"EnergyGen*elec_gen_eff*1/kWh"},{"@type":"Parameter","@id":"da6b394b-e879-4295-a60a-8ee3b49a8496","name":"Leaked_CH4_emissions","description":"MT CH4/short ton","version":"00.00.000","parameterScope":"PROCESS_SCOPE","isInputParameter":false,"value":8.259209481094781E-4,"formula":"CH4_Leaked/1000000*sh_tn"},{"@type":"Parameter","@id":"aa9dc446-b2f4-43b1-b5d3-8a7fee86ec49","name":"Mass_FreshWat","description":"Mg","version":"00.00.000","parameterScope":"PROCESS_SCOPE","isInputParameter":false,"value":0.0,"formula":"0+0"},{"@type":"Parameter","@id":"215b3ee9-f3f9-4f23-a319-4e2da945b53e","name":"Mass_Compost","description":"Mg","version":"00.00.000","parameterScope":"PROCESS_SCOPE","isInputParameter":false,"value":0.2280126554430093,"formula":"DryMass_Compost+WatMass_Compost"},{"@type":"Parameter","@id":"e1a846ca-aca6-4622-a58d-a731631966c6","name":"Nloss_AD","description":"%TS  Developed from Hansen et al. (2006) based on initial N content.","version":"00.00.000","parameterScope":"PROCESS_SCOPE","isInputParameter":true,"value":0.08},{"@type":"Parameter","@id":"bc442680-3644-4e65-bc75-0331682139eb","name":"Mass_N_Digest","description":"kg N","version":"00.00.000","parameterScope":"PROCESS_SCOPE","isInputParameter":false,"value":10.199514608186128,"formula":"DryMass_In*N_initial_content*100000/100*(1-Nloss_AD)"},{"@type":"Parameter","@id":"6b0603a1-5e40-4851-862c-60a45c01cf66","name":"Digest_Heat_Avail","description":"MJ/Mg","version":"00.00.000","parameterScope":"PROCESS_SCOPE","isInputParameter":false,"value":0.0,"formula":"0+0"},{"@type":"Parameter","@id":"c2938980-3fce-400d-bd1f-086f9cea9262","name":"moisture_content_digest_dry","description":"%ww","version":"00.00.000","parameterScope":"PROCESS_SCOPE","isInputParameter":true,"value":0.7},{"@type":"Parameter","@id":"fa70bafb-b1c9-4cb5-bcbe-97e125098e63","name":"Mass_C_Compost","description":"kg C","version":"00.00.000","parameterScope":"PROCESS_SCOPE","isInputParameter":false,"value":94.52671003080808,"formula":"Mass_C_Digest-Mass_C_Cureloss"},{"@type":"Parameter","@id":"b09075fe-4e9a-4704-8a61-8a8041f43b92","name":"House_elec_dry","description":"kWh/Mg-in. Source: Boldrin et al. 2011 (48.9 kWh/Mg); Møller, et al. 2009 report ranges of 20-50 kWh/Mg; Sanscartier et al. 2012 report 47-67 for Dufferin facility","version":"00.00.000","parameterScope":"PROCESS_SCOPE","isInputParameter":true,"value":20.0},{"@type":"Parameter","@id":"ccaa0dd1-27cc-43fc-aabf-e392376c83ea","name":"leach_GHG_Intensity","description":"kg CO2e/Mg ecoinvent v3.1 - treatment of wastewater from anaerobic digestion of whey, capacity 1E9l/year, RoW,","version":"00.00.000","parameterScope":"PROCESS_SCOPE","isInputParameter":true,"value":27.157},{"@type":"Parameter","@id":"557dff49-61f8-424c-aaea-5d992ae832dd","name":"AddWater_Temp","description":"oC  Source: Assumed same as FW.","version":"00.00.000","parameterScope":"PROCESS_SCOPE","isInputParameter":true,"value":14.0},{"@type":"Parameter","@id":"9dc1a0c2-1041-4376-85d6-46c1ac85fa57","name":"Mass_N_Compost","description":"kg N","version":"00.00.000","parameterScope":"PROCESS_SCOPE","isInputParameter":false,"value":10.199514608186128,"formula":"Mass_N_Digest-Mass_N_Cureloss"},{"@type":"Parameter","@id":"98c059ac-ae6a-46cb-bee1-d7769b037c9a","name":"HeatEx_eff","description":"%  Source: Long, 2012","version":"00.00.000","parameterScope":"PROCESS_SCOPE","isInputParameter":true,"value":0.75},{"@type":"Parameter","@id":"33421e64-180a-4b1e-8658-e17a332b5f59","name":"Mass_N_Offset","description":"kg N","version":"00.00.000","parameterScope":"PROCESS_SCOPE","isInputParameter":false,"value":1.56436237103564,"formula":"1.56436237103564"},{"@type":"Parameter","@id":"2f2fca22-7d00-45da-9de9-f1c65972479c","name":"House_elec_wet","description":"kWh/Mg-in  Source: Boldrin et al. 2011 (48.9 kWh/Mg); Møller, et al. 2009 report ranges of 20-50 kWh/Mg; Sanscartier et al. 2012 report 47-67 for Dufferin facility","version":"00.00.000","parameterScope":"PROCESS_SCOPE","isInputParameter":true,"value":50.0},{"@type":"Parameter","@id":"03cc0c54-763b-42a4-b6fa-8553c4cda740","name":"Mass_CH4_Leak","description":"kg CH4","version":"00.00.000","parameterScope":"PROCESS_SCOPE","isInputParameter":false,"value":0.9104267599698826,"formula":"CH4_Leaked"},{"@type":"Parameter","@id":"f26ad17b-8f32-412d-8166-78b91358a0b2","name":"Leachate_treatment","description":"MT CO2e/short ton","version":"00.00.000","parameterScope":"PROCESS_SCOPE","isInputParameter":false,"value":0.0,"formula":"0+0"},{"@type":"Parameter","@id":"c609f071-9f4f-41b6-b058-9ed7ef727874","name":"House_diesel_wet","description":"L/Mg  Source: Boldrin et al. 2011 (0.9 L/Mg); Møller et al. 2009 report 1.6 L/Mg; Sanscartier et al. 2012 report 0.3 L Mg for Dufferin facility; WERF, 2012 (6.5 L/Mg). Lower values seem more likely.","version":"00.00.000","parameterScope":"PROCESS_SCOPE","isInputParameter":true,"value":1.0},{"@type":"Parameter","@id":"21ed5820-ed9c-4c3d-a9b0-08cbe4f8ccda","name":"VS_content","description":"%TS","version":"00.00.000","parameterScope":"PROCESS_SCOPE","isInputParameter":true,"value":0.9214448498456358},{"@type":"Parameter","@id":"fd0d7753-0702-4a11-836b-ceff2744ffa6","name":"Curing_emissions_CH4","description":"MT CH4/short ton","version":"00.00.000","parameterScope":"PROCESS_SCOPE","isInputParameter":false,"value":0.0,"formula":"Mass_CH4_Cure/1000000*sh_tn"},{"@type":"Parameter","@id":"1f02c006-43ef-49c0-af5b-d3a4a9a74e5e","name":"PostScreen_Elec","description":"kWh/Mg  Source:  \"Komilis and Ham (2004)","version":"00.00.000","parameterScope":"PROCESS_SCOPE","isInputParameter":true,"value":0.882},{"@type":"Parameter","@id":"4141ca55-28ff-4d7e-ac5e-01e348f2dcc9","name":"Mass_Water_Removed","description":"Mg","version":"00.00.000","parameterScope":"PROCESS_SCOPE","isInputParameter":false,"value":0.0,"formula":"0+0"},{"@type":"Parameter","@id":"5c02eee1-f639-4749-bbb7-0f3dfdd9f09e","name":"DryMass_Digest","description":"Mg","version":"00.00.000","parameterScope":"PROCESS_SCOPE","isInputParameter":false,"value":0.13680759326580558,"formula":"DryMass_In-VS_In*(VS_destruction)"},{"@type":"Parameter","@id":"b7eb6b67-cc1e-438d-9419-677c3961b814","name":"Treated_freshwater","description":"MT CO2e/short ton","version":"00.00.000","parameterScope":"PROCESS_SCOPE","isInputParameter":false,"value":0.0,"formula":"0+0"},{"@type":"Parameter","@id":"6681ae75-7ce1-4a5e-93bd-334c970d4c87","name":"CH4_Leaked","description":"kg/Mg","version":"00.00.000","parameterScope":"PROCESS_SCOPE","isInputParameter":false,"value":0.9104267599698826,"formula":"CH4_Gen*Per_leak"},{"@type":"Parameter","@id":"3cfa33a7-1ade-4c3b-b76d-2403484f6e61","name":"Reactor_Temp","description":"oC  Source: WERF, 2012","version":"00.00.000","parameterScope":"PROCESS_SCOPE","isInputParameter":true,"value":37.0},{"@type":"Parameter","@id":"28a69fcf-568f-4552-8db5-24cdce0030ee","name":"Mass_C_Stored","description":"kg C","version":"00.00.000","parameterScope":"PROCESS_SCOPE","isInputParameter":false,"value":66.8583278035285,"formula":"66.8583278035285"},{"@type":"Parameter","@id":"da508a35-fe7a-42e9-b4fd-49c0ef9af7b4","name":"WindTurn_Fuel","description":"L/Mg  Source:  \"Boldrin et al. (2009) Assumed 1/3 of 3L used for curing.","version":"00.00.000","parameterScope":"PROCESS_SCOPE","isInputParameter":true,"value":1.0},{"@type":"Parameter","@id":"31987432-0e7b-4721-b6e3-a6d79ca69d3b","name":"Total_Heat","description":"MJ/Mg","version":"00.00.000","parameterScope":"PROCESS_SCOPE","isInputParameter":false,"value":0.0,"formula":"0+0"},{"@type":"Parameter","@id":"7803676b-0815-48f2-8d3a-ae5424a0f50d","name":"Cure_Closs","description":"%  Source:  \"Average for open biowaste systems from Boldrin et al. (2009)","version":"00.00.000","parameterScope":"PROCESS_SCOPE","isInputParameter":true,"value":0.58},{"@type":"Parameter","@id":"0f9cbad5-4aaa-448f-80c5-afb5b0745ba5","name":"Add_Wat","description":"Mg","version":"00.00.000","parameterScope":"PROCESS_SCOPE","isInputParameter":false,"value":0.0,"formula":"0+0"},{"@type":"Parameter","@id":"167873e5-aa0e-49dc-9f92-5458fa564673","name":"Mass_C_Digest","description":"kg C","version":"00.00.000","parameterScope":"PROCESS_SCOPE","isInputParameter":false,"value":94.52671003080808,"formula":"1000*DryMass_In*C_initial_content-Mass_C_Emitted"},{"@type":"Parameter","@id":"59f85b3f-1982-4c4f-a879-b00d9480c3f5","name":"WatMass_Feed","description":"Mg","version":"00.00.000","parameterScope":"PROCESS_SCOPE","isInputParameter":false,"value":0.6299729160819534,"formula":"1-DryMass_In"},{"@type":"Parameter","@id":"ce3c51d6-55ba-4b39-8bd1-29cd92e2514d","name":"Mass_N2O_Offset","description":"kg N2O","version":"00.00.000","parameterScope":"PROCESS_SCOPE","isInputParameter":false,"value":0.113026018760415,"formula":"0.113026018760415"},{"@type":"Parameter","@id":"43a93261-15e0-4d37-af94-04c75aeb5386","name":"Dewater_elec","description":"kWh/Mg TS  Source: Niu, D. et al. 2013.","version":"00.00.000","parameterScope":"PROCESS_SCOPE","isInputParameter":true,"value":75.0},{"@type":"Parameter","@id":"4b45ad24-1a74-4867-8d67-e7980d317e97","name":"CH4_Gen","description":"kg/Mg","version":"00.00.000","parameterScope":"PROCESS_SCOPE","isInputParameter":false,"value":45.52133799849413,"formula":"CH4_VolGen*density_CH4_AD"},{"@type":"Parameter","@id":"bdc9a582-eb00-4479-acde-6b32f642adfe","name":"Per_leak","description":"%1. Source: WERF, 2012; Sanscartier et al. 2012 reports (2-5%)","version":"00.00.000","parameterScope":"PROCESS_SCOPE","isInputParameter":true,"value":0.02},{"@type":"Parameter","@id":"f507d6c0-0ce5-46b4-bc38-ef7bb2dbcf95","name":"Per_flare","description":"%1. Source: U.S. EPA 2013. LMOP Benefits Calculator","version":"00.00.000","parameterScope":"PROCESS_SCOPE","isInputParameter":true,"value":0.15},{"@type":"Parameter","@id":"f0dd4e33-6fce-4b9f-a20b-d427ecdfa261","name":"diesel_digestate_transport","description":"L/Mg  Source:  \"Berglund \u0026 Börjesson (2006)","version":"00.00.000","parameterScope":"PROCESS_SCOPE","isInputParameter":true,"value":0.21},{"@type":"Parameter","@id":"6709bf20-304a-4edb-9b73-cecb7c9ca09d","name":"moisture_content_finished_compost","description":"%","version":"00.00.000","parameterScope":"PROCESS_SCOPE","isInputParameter":true,"value":0.4},{"@type":"Parameter","@id":"188a66b7-7b5c-4ef1-80bb-21c8d59fc91b","name":"WatMass_Digest","description":"Mg","version":"00.00.000","parameterScope":"PROCESS_SCOPE","isInputParameter":false,"value":0.0,"formula":"0+0"},{"@type":"Parameter","@id":"bc4ebfed-88fd-4394-9505-885f79648573","name":"Mass_Dewater","description":"Mg","version":"00.00.000","parameterScope":"PROCESS_SCOPE","isInputParameter":false,"value":0.0,"formula":"0+0"},{"@type":"Parameter","@id":"9d6af05d-ffc0-4a8a-9af1-1ee571fc24b1","name":"N_Offset_EF","description":"kg N offset/kg N applied  Source:  \"Møller, et al. (2009)","version":"00.00.000","parameterScope":"PROCESS_SCOPE","isInputParameter":true,"value":0.2},{"@type":"Parameter","@id":"2a36e603-daad-4985-a5a8-ada28d60f38b","name":"dsl_dig_spread","description":"L/Mg  Source:  \"Berglund \u0026 Börjesson (2006); Arsova (2012)","version":"00.00.000","parameterScope":"PROCESS_SCOPE","isInputParameter":true,"value":0.47},{"@type":"Parameter","@id":"77a33467-1156-4aa7-98a5-0a6bf6ab4948","name":"TotMass_Digest","description":"Mg","version":"00.00.000","parameterScope":"PROCESS_SCOPE","isInputParameter":false,"value":0.4560253108860185,"formula":"DryMass_Digest/(1-moisture_content_digest_dry)"},{"@type":"Parameter","@id":"930b60b8-6671-4d17-b95a-d5733bf0f341","name":"N2O_after_application","description":"MT N2O/short ton","version":"00.00.000","parameterScope":"PROCESS_SCOPE","isInputParameter":false,"value":2.318181335805124E-4,"formula":"(Mass_N2O_Land-Mass_N2O_Offset)/1000000*sh_tn"},{"@type":"Parameter","@id":"4d33ec3b-cdc3-4a39-86bf-fa52f13463db","name":"Curing_emissions_N2O","description":"MT N2O/short ton","version":"00.00.000","parameterScope":"PROCESS_SCOPE","isInputParameter":false,"value":0.0,"formula":"Mass_N2O_Cure/1000000*sh_tn"},{"@type":"Parameter","@id":"bc51f8a7-dd57-4478-a905-0db218f49c80","name":"EnergyGen","description":"MJ/Mg","version":"00.00.000","parameterScope":"PROCESS_SCOPE","isInputParameter":false,"value":1895.9637276372807,"formula":"CH4_Combust*CH4_LHV"},{"@type":"Parameter","@id":"9de18e6c-ffbd-4660-99c1-c322f53e79fb","name":"Enrg_FW_Heat","description":"MJ/Mg","version":"00.00.000","parameterScope":"PROCESS_SCOPE","isInputParameter":false,"value":0.0,"formula":"0+0"},{"@type":"Parameter","@id":"4a4b56b8-12c9-46ab-8835-426d3fd2cf26","name":"Cure_Nloss","description":"%  Source:  \"Average from Beck-Friis et al. (2000)","version":"00.00.000","parameterScope":"PROCESS_SCOPE","isInputParameter":true,"value":0.385},{"@type":"Parameter","@id":"740d7076-fdf3-43a9-80bf-69105a964aa6","name":"CH4_yield_reached","description":"%1. Møller, et al. (2009) used 70%","version":"00.00.000","parameterScope":"PROCESS_SCOPE","isInputParameter":true,"value":0.8040134717934325},{"@type":"Parameter","@id":"a4dc208e-1fc2-4ff1-93ae-b3ffe906ce38","name":"Mass_C_Emitted","description":"kg C","version":"00.00.000","parameterScope":"PROCESS_SCOPE","isInputParameter":false,"value":82.65491739033415,"formula":"DryMass_In*yield_CH4*CH4_yield_reached*12.01/22.41*2"},{"@type":"Parameter","@id":"3e4021ba-d7e1-455e-8221-7cd5a40213de","name":"Mass_CH4_Cure","description":"kg CH4","version":"00.00.000","parameterScope":"PROCESS_SCOPE","isInputParameter":false,"value":0.0,"formula":"Mass_C_CureLoss*Cure_PerCH4"},{"@type":"Parameter","@id":"113c158c-116a-4035-9af3-da8d7747d32f","name":"moisture_content_digest_wet","description":"%ww  Hansen et al. (2006)","version":"00.00.000","parameterScope":"PROCESS_SCOPE","isInputParameter":true,"value":0.95},{"@type":"Parameter","@id":"280812fd-ee66-4853-8fe0-6421262f08f9","name":"C_Soil_Store","description":"%  Source:  \"Bruun et al. (2006)","version":"00.00.000","parameterScope":"PROCESS_SCOPE","isInputParameter":true,"value":0.1},{"@type":"Parameter","@id":"5acdddca-94f1-4aed-99a6-f6c3868d6857","name":"CH4_Flared","description":"kg/Mg","version":"00.00.000","parameterScope":"PROCESS_SCOPE","isInputParameter":false,"value":6.691636685778637,"formula":"(CH4_Gen-CH4_Leaked)*Per_flare"},{"@type":"Parameter","@id":"1f68c6aa-b5bf-48bb-8b7b-ace38d16471e","name":"Frac_FreshWat","description":"%  Source: Kranert and Hillebrecht, 2000","version":"00.00.000","parameterScope":"PROCESS_SCOPE","isInputParameter":true,"value":0.8},{"@type":"Parameter","@id":"52e71d38-6382-4e79-91b6-ea6c127ee3bc","name":"Cure_PerCH4","description":"%  Source:  \"Average for open biowaste systems from Boldrin et al. (2009)","version":"00.00.000","parameterScope":"PROCESS_SCOPE","isInputParameter":true,"value":0.013000000000000001},{"@type":"Parameter","@id":"28edc59c-50bd-4a6e-ae3b-83fb144e505e","name":"Nloss_N2O_digestate","description":"%  Source:  \"Hansen et al. (2006)","version":"00.00.000","parameterScope":"PROCESS_SCOPE","isInputParameter":true,"value":0.015},{"@type":"Parameter","@id":"56c82894-94d1-4b89-9beb-e7ef135a03ac","name":"N_fert_offset","description":"MT CO2e/short ton","version":"00.00.000","parameterScope":"PROCESS_SCOPE","isInputParameter":false,"value":-0.012630508476229397,"formula":"Mass_N_Offset*-1*NFert_GHG/1000000*sh_tn"},{"@type":"Parameter","@id":"b7ecb004-360e-4b10-8b97-2a708edf77e2","name":"C_initial_content","description":"%TS","version":"00.00.000","parameterScope":"PROCESS_SCOPE","isInputParameter":true,"value":0.47883421274207133},{"@type":"Parameter","@id":"9bd08457-543a-4da9-b749-140542a7989a","name":"Mole_C_CureLoss","description":"mol C","version":"00.00.000","parameterScope":"PROCESS_SCOPE","isInputParameter":false,"value":0.0,"formula":"Mass_C_CureLoss*1000/12.01"},{"@type":"Parameter","@id":"67b2d131-d628-4d56-a0e6-e9d3b5cfbf28","name":"VS_In","description":"Mg","version":"00.00.000","parameterScope":"PROCESS_SCOPE","isInputParameter":false,"value":0.34095955077968293,"formula":"DryMass_In*VS_content"},{"@type":"Parameter","@id":"ad57f91e-00b6-4948-9a92-d2ab6ab20dc9","name":"ElecOff","description":"kWh/Mg","version":"00.00.000","parameterScope":"PROCESS_SCOPE","isInputParameter":false,"value":134.219038012035,"formula":"134.219038012035"},{"@type":"Parameter","@id":"952bf53d-5261-4065-bea9-c4305273cd63","name":"Ploss_AD","description":"%TS  Assumed","version":"00.00.000","parameterScope":"PROCESS_SCOPE","isInputParameter":true,"value":0.0},{"@type":"Parameter","@id":"8812202d-3834-4a8a-b10f-64de5394e4d5","name":"DryMass_Compost","description":"Mg","version":"00.00.000","parameterScope":"PROCESS_SCOPE","isInputParameter":false,"value":0.13680759326580558,"formula":"DryMass_Digest-Mass_CurSolLoss"},{"@type":"Parameter","@id":"9e01a1a9-c738-4f0f-8363-2ea34ee553d0","name":"House_diesel_dry","description":"L/Mg Source: Boldrin et al. 2011 (0.9 L/Mg); Møller et al. 2009 report 1.6 L/Mg; Sanscartier et al. 2012 report 0.3 L Mg for Dufferin facility; WERF, 2012 (6.5 L/Mg). Higher  values seem more likely.","version":"00.00.000","parameterScope":"PROCESS_SCOPE","isInputParameter":true,"value":6.5},{"@type":"Parameter","@id":"bafa5700-21c7-4e18-9b14-e10eed970e5c","name":"Mass_P_Offset","description":"kg P","version":"00.00.000","parameterScope":"PROCESS_SCOPE","isInputParameter":false,"value":1.18373925063149,"formula":"1.18373925063149"},{"@type":"Parameter","@id":"10621109-a5bb-4199-92c3-2fabcfd07536","name":"yield_CH4","description":"m3/dry Mg","version":"00.00.000","parameterScope":"PROCESS_SCOPE","isInputParameter":true,"value":259.2034100477126},{"@type":"Parameter","@id":"61e38c82-13b1-4bd5-9ec2-540dfbaa61e7","name":"P_Offset_EF","description":"kg N offset/kg P applied  Source:  \"Møller, et al. (2009)","version":"00.00.000","parameterScope":"PROCESS_SCOPE","isInputParameter":true,"value":1.0},{"@type":"Parameter","@id":"f5464107-7192-4369-88c3-920adfe64200","name":"Water_SpecificHeat","description":"MJ/Mg-K","version":"00.00.000","parameterScope":"PROCESS_SCOPE","isInputParameter":true,"value":4.2},{"@type":"Parameter","@id":"81f6f495-63cb-420e-ba28-87ebe89adc89","name":"Mass_N_Cureloss","description":"kg N","version":"00.00.000","parameterScope":"PROCESS_SCOPE","isInputParameter":false,"value":0.0,"formula":"0"},{"@type":"Parameter","@id":"fc359bc3-1669-4ece-9676-b502aefdae01","name":"Mass_P_Digest","description":"kg P","version":"00.00.000","parameterScope":"PROCESS_SCOPE","isInputParameter":false,"value":1.333063331990019,"formula":"DryMass_In*P_initial_content*100000/100*(1-Ploss_AD)"},{"@type":"Parameter","@id":"e8bc97a5-43b6-4753-9ca8-95d708ce46fd","name":"Mass_N2O_Cure","description":"kg N2O","version":"00.00.000","parameterScope":"PROCESS_SCOPE","isInputParameter":false,"value":0.0,"formula":"Mass_N_CureLoss*Cure_PerN2O*(44.01/14.01)"},{"@type":"Parameter","@id":"d456aad0-3bed-48b6-b394-077b668ddfda","name":"WatMass_Compost","description":"Mg","version":"00.00.000","parameterScope":"PROCESS_SCOPE","isInputParameter":false,"value":0.09120506217720373,"formula":"(moisture_content_finished_compost*DryMass_Compost)/(1-moisture_content_finished_compost)"},{"@type":"Parameter","@id":"24c057bc-bd91-426e-80d4-cd978702ff9f","name":"Nloss_N2O_fertilizer","description":"%  Source:  \"Average reported by Brown et al. (2010)","version":"00.00.000","parameterScope":"PROCESS_SCOPE","isInputParameter":true,"value":0.023},{"@type":"Parameter","@id":"766acbaf-2594-428f-a3df-9ad3d7ef1d60","name":"PFert_GHG","description":"kg CO2e/kg N   Source:  \"Boldrin et al. (2009)","version":"00.00.000","parameterScope":"PROCESS_SCOPE","isInputParameter":true,"value":1.8},{"@type":"Parameter","@id":"fe1692ad-ae2c-459e-9039-b9cb02ab15c0","name":"Cure_PerN2O","description":"%  Source:  \"Average for open biowaste systems from Boldrin et al. (2009)","version":"00.00.000","parameterScope":"PROCESS_SCOPE","isInputParameter":true,"value":0.01},{"@type":"Parameter","@id":"e055ffe8-4b8c-4549-a815-85b94173754c","name":"Mass_N2O_Land","description":"kg N2O","version":"00.00.000","parameterScope":"PROCESS_SCOPE","isInputParameter":false,"value":0.368563104653526,"formula":"0.368563104653526"},{"@type":"Parameter","@id":"984aa8f2-ef05-4feb-b5ab-7ba37af858e4","name":"CH4_VolGen","description":"m3/Mg","version":"00.00.000","parameterScope":"PROCESS_SCOPE","isInputParameter":false,"value":63.5913966180185,"formula":"63.5913966180185"},{"@type":"Parameter","@id":"6d3bf31d-2017-4373-999b-6654d2abb2df","name":"VS_destruction","description":"%1. Source: EBMUD (2008). Used mesophilic FW value for food and grass. Used average municipal wastewater for branches and leaves.","version":"00.00.000","parameterScope":"PROCESS_SCOPE","isInputParameter":true,"value":0.6840092618579849},{"@type":"Parameter","@id":"dda7f1ef-72c9-49d3-b92e-c24b827575f1","name":"Cure_VSLossPerC","description":"g/mol C loss  Source:  \"Haug (1993)","version":"00.00.000","parameterScope":"PROCESS_SCOPE","isInputParameter":true,"value":12.0},{"@type":"Parameter","@id":"e98b344c-e7dc-4c80-b51b-0a519e3e9084","name":"Mass_C_Applied","description":"kg C","version":"00.00.000","parameterScope":"PROCESS_SCOPE","isInputParameter":false,"value":94.52671003080808,"formula":"Mass_C_Digest"}],"exchanges":[{"@type":"Exchange","isAvoidedProduct":false,"isInput":false,"amount":1.0,"internalId":1,"flow":{"@type":"Flow","@id":"c20a0078-8294-4720-b3a4-40829310cc14","name":"Mixed Organics, digested","category":"Anaerobic Digestion","flowType":"PRODUCT_FLOW","refUnit":"kg"},"unit":{"@type":"Unit","@id":"d4922696-9c95-4b5d-a876-425e98276978","name":"sh tn"},"flowProperty":{"@type":"FlowProperty","@id":"93a60a56-a3c8-11da-a746-0800200b9a66","name":"Mass","category":"Technical flow properties","refUnit":"kg"},"isQuantitativeReference":true},{"@type":"Exchange","isAvoidedProduct":false,"isInput":false,"amount":2.318181335805124E-4,"amountFormula":"N2O_after_application+Curing_emissions_N2O","internalId":4,"flow":{"@type":"Flow","@id":"20185046-64bb-4c09-a8e7-e8a9e144ca98","name":"Dinitrogen monoxide","category":"Elementary flows/air/unspecified","flowType":"ELEMENTARY_FLOW","refUnit":"kg"},"unit":{"@type":"Unit","@id":"83192ffa-5990-490b-a23a-b45ca072db6f","name":"t"},"flowProperty":{"@type":"FlowProperty","@id":"93a60a56-a3c8-11da-a746-0800200b9a66","name":"Mass","category":"Technical flow properties","refUnit":"kg"}},{"@type":"Exchange","isAvoidedProduct":false,"isInput":false,"amount":35.32,"internalId":10,"flow":{"@type":"Flow","@id":"8c2daef6-fd94-410b-a258-7df1f02c1bce","name":"Wages","category":"Economic flows","flowType":"ELEMENTARY_FLOW","refUnit":"USD 2002"},"unit":{"@type":"Unit","@id":"930e411f-542b-4f66-8e83-b04c303a9780","name":"USD 2002"},"flowProperty":{"@type":"FlowProperty","@id":"a564e6b0-84b1-4f2e-a67f-5502dd9bf124","name":"Wages","category":"Economic flow properties","refUnit":"USD 2002"}},{"@type":"Exchange","isAvoidedProduct":false,"isInput":true,"amount":20.0,"amountFormula":"transport_distance_AD ","internalId":8,"flow":{"@type":"Flow","@id":"efefd210-d30b-11e4-8830-0800200c9a66","name":"Transport of MSW, by truck","category":"Transport","flowType":"PRODUCT_FLOW","refUnit":"t*km"},"unit":{"@type":"Unit","@id":"cd3712b2-74a5-48cb-9a90-01bf09c4f1eb","name":"sh tn*mi"},"flowProperty":{"@type":"FlowProperty","@id":"838aaa20-0117-11db-92e3-0800200c9a66","name":"Goods transport (mass*distance)","category":"Technical flow properties","refUnit":"t*km"}},{"@type":"Exchange","isAvoidedProduct":true,"isInput":true,"amount":128.83406996040776,"amountFormula":"AD_Net_electricity_export","internalId":6,"flow":{"@type":"Flow","@id":"6ff43b96-4ce1-4545-b60b-e29291b0da0b","name":"Electricity, at grid","category":"Utilities","flowType":"PRODUCT_FLOW","refUnit":"MJ"},"unit":{"@type":"Unit","@id":"86ad2244-1f0e-4912-af53-7865283103e4","name":"kWh"},"flowProperty":{"@type":"FlowProperty","@id":"f6811440-ee37-11de-8a39-0800200c9a66","name":"Energy","category":"Technical flow properties","refUnit":"MJ"}},{"@type":"Exchange","isAvoidedProduct":false,"isInput":true,"amount":0.006225903546755994,"amountFormula":"Dsl_tot/1000/tonne_to_sh_tn","internalId":5,"flow":{"@type":"Flow","@id":"00e3b14f-88b3-4e54-a383-670c16758d89","name":"Distillate oil","category":"Transport/Fuels","flowType":"PRODUCT_FLOW","refUnit":"m3"},"unit":{"@type":"Unit","@id":"1c3a9695-398d-4b1f-b07e-a8715b610f70","name":"m3"},"flowProperty":{"@type":"FlowProperty","@id":"93a60a56-a3c8-22da-a746-0800200c9a66","name":"Volume","category":"Technical flow properties","refUnit":"m3"},"defaultProvider":{"@type":"Process","@id":"7117baab-3689-49d1-98f5-0def54ae5605","name":"Distillate oil for AD, consumption","category":"Transport","processType":"UNIT_PROCESS","flowType":"PRODUCT_FLOW"}},{"@type":"Exchange","isAvoidedProduct":false,"isInput":false,"amount":0.06065253781680498,"amountFormula":"AD_SOC","internalId":3,"flow":{"@type":"Flow","@id":"80bb6903-93b7-4c04-ac53-37775125af8d","name":"Carbon","category":"Elementary flows/resource/in ground","flowType":"ELEMENTARY_FLOW","refUnit":"kg"},"unit":{"@type":"Unit","@id":"83192ffa-5990-490b-a23a-b45ca072db6f","name":"t"},"flowProperty":{"@type":"FlowProperty","@id":"93a60a56-a3c8-11da-a746-0800200b9a66","name":"Mass","category":"Technical flow properties","refUnit":"kg"}},{"@type":"Exchange","isAvoidedProduct":false,"isInput":false,"amount":8.259209481094781E-4,"amountFormula":"Leaked_CH4_Emissions+Curing_emissions_CH4","internalId":7,"flow":{"@type":"Flow","@id":"20408dd1-8534-11e0-9d78-0800200c9a66","name":"Methane","category":"Elementary flows/air/unspecified","flowType":"ELEMENTARY_FLOW","refUnit":"kg"},"unit":{"@type":"Unit","@id":"83192ffa-5990-490b-a23a-b45ca072db6f","name":"t"},"flowProperty":{"@type":"FlowProperty","@id":"93a60a56-a3c8-11da-a746-0800200b9a66","name":"Mass","category":"Technical flow properties","refUnit":"kg"}},{"@type":"Exchange","isAvoidedProduct":false,"isInput":false,"amount":6.39,"internalId":9,"flow":{"@type":"Flow","@id":"c9f2c667-eeab-448e-9c0c-6da04000fda6","name":"Taxes","category":"Economic flows","flowType":"ELEMENTARY_FLOW","refUnit":"USD 2002"},"unit":{"@type":"Unit","@id":"930e411f-542b-4f66-8e83-b04c303a9780","name":"USD 2002"},"flowProperty":{"@type":"FlowProperty","@id":"a1040c82-c3ac-4de0-8ac2-5aef733752b3","name":"Taxes","category":"Economic flow properties","refUnit":"USD 2002"}},{"@type":"Exchange","isAvoidedProduct":false,"isInput":false,"amount":0.001015,"internalId":11,"flow":{"@type":"Flow","@id":"f45fbcf0-24f0-4ce1-b1d9-78f2ed0d5a34","name":"Jobs","category":"Economic flows","flowType":"ELEMENTARY_FLOW","refUnit":"Item(s)"},"unit":{"@type":"Unit","@id":"6dabe201-aaac-4509-92f0-d00c26cb72ab","name":"Item(s)"},"flowProperty":{"@type":"FlowProperty","@id":"730ff828-c278-4986-a25b-31436adf5d09","name":"Jobs","category":"Economic flow properties","refUnit":"Item(s)"}},{"@type":"Exchange","isAvoidedProduct":false,"isInput":false,"amount":-0.014563464708327572,"amountFormula":"Treated_freshwater+leachate_treatment+N_fert_offset+P_fert_offset","internalId":2,"flow":{"@type":"Flow","@id":"7ae371aa-8532-11e0-9d78-0800200c9a66","name":"Carbon dioxide","category":"Elementary flows/air/unspecified","flowType":"ELEMENTARY_FLOW","refUnit":"kg"},"unit":{"@type":"Unit","@id":"83192ffa-5990-490b-a23a-b45ca072db6f","name":"t"},"flowProperty":{"@type":"FlowProperty","@id":"93a60a56-a3c8-11da-a746-0800200b9a66","name":"Mass","category":"Technical flow properties","refUnit":"kg"}}],"socialAspects":[],"allocationFactors":[]}