{"@type":"Process","@id":"e1330b77-8d75-4a2b-b0da-e6164be32dc2","name":"Process energy, for product manufacturing from Li2CoO2, using 100% virgin inputs","description":"","category":"Utilities/Process energy/100% Virgin inputs","version":"00.00.001","lastChange":"2019-04-09T18:06:22.712Z","processType":"UNIT_PROCESS","isInfrastructureProcess":false,"processDocumentation":{"creationDate":"2019-04-09T18:05:13.375Z","isCopyrightProtected":false},"lastInternalId":4,"parameters":[{"@type":"Parameter","@id":"cc4a2767-a862-4ed6-8b46-4de300c70cff","name":"CO2_energy_virgin","version":"00.00.000","parameterScope":"PROCESS_SCOPE","isInputParameter":true,"value":0.0517522677449441},{"@type":"Parameter","@id":"008cd135-5fc9-4e3e-9dc3-dc8ab92014a8","name":"CH4_energy_virgin","version":"00.00.000","parameterScope":"PROCESS_SCOPE","isInputParameter":true,"value":1.22127037191879E-4}],"exchanges":[{"@type":"Exchange","isAvoidedProduct":false,"isInput":false,"amount":1000000.0,"internalId":1,"flow":{"@type":"Flow","@id":"39e83c7b-889b-4bd1-8f6a-eb3fe169388e","name":"Process energy, for product manufacturing from Li2CoO2, using 100% virgin inputs","category":"Utilities/Process energy/100% Virgin inputs","flowType":"PRODUCT_FLOW","refUnit":"MJ"},"unit":{"@type":"Unit","@id":"55244053-94ba-404e-9172-cb279d905e00","name":"btu"},"flowProperty":{"@type":"FlowProperty","@id":"f6811440-ee37-11de-8a39-0800200c9a66","name":"Energy","category":"Technical flow properties","refUnit":"MJ"},"isQuantitativeReference":true},{"@type":"Exchange","isAvoidedProduct":false,"isInput":false,"amount":1.22127037191879E-4,"amountFormula":"CH4_energy_virgin","internalId":3,"flow":{"@type":"Flow","@id":"20408dd1-8534-11e0-9d78-0800200c9a66","name":"Methane","category":"Elementary flows/air/unspecified","flowType":"ELEMENTARY_FLOW","refUnit":"kg"},"unit":{"@type":"Unit","@id":"83192ffa-5990-490b-a23a-b45ca072db6f","name":"t"},"flowProperty":{"@type":"FlowProperty","@id":"93a60a56-a3c8-11da-a746-0800200b9a66","name":"Mass","category":"Technical flow properties","refUnit":"kg"}},{"@type":"Exchange","isAvoidedProduct":false,"isInput":true,"amount":1000000.0,"internalId":4,"flow":{"@type":"Flow","@id":"3e756464-b439-4b1e-8e4b-64e2173cc5ce","name":"Energy, unspecified","category":"Elementary flows/resource/unspecified","flowType":"ELEMENTARY_FLOW","refUnit":"MJ"},"unit":{"@type":"Unit","@id":"55244053-94ba-404e-9172-cb279d905e00","name":"btu"},"flowProperty":{"@type":"FlowProperty","@id":"f6811440-ee37-11de-8a39-0800200c9a66","name":"Energy","category":"Technical flow properties","refUnit":"MJ"}},{"@type":"Exchange","isAvoidedProduct":false,"isInput":false,"amount":0.0517522677449441,"amountFormula":"CO2_energy_virgin","internalId":2,"flow":{"@type":"Flow","@id":"7ae371aa-8532-11e0-9d78-0800200c9a66","name":"Carbon dioxide","category":"Elementary flows/air/unspecified","flowType":"ELEMENTARY_FLOW","refUnit":"kg"},"unit":{"@type":"Unit","@id":"83192ffa-5990-490b-a23a-b45ca072db6f","name":"t"},"flowProperty":{"@type":"FlowProperty","@id":"93a60a56-a3c8-11da-a746-0800200b9a66","name":"Mass","category":"Technical flow properties","refUnit":"kg"}}],"socialAspects":[],"allocationFactors":[]}