{"@type":"Process","@id":"f1c078bb-d90b-4826-b099-8770703ae8ae","name":"Electricity generation, at grid, Mid-Atlantic","description":"","category":"Utilities","version":"00.00.004","lastChange":"2018-11-08T15:46:36.011Z","processType":"UNIT_PROCESS","isInfrastructureProcess":false,"processDocumentation":{"timeDescription":"","geographyDescription":"","technologyDescription":"","inventoryMethodDescription":"","modelingConstantsDescription":"","completenessDescription":"","dataSelectionDescription":"","dataTreatmentDescription":"","samplingDescription":"","dataCollectionDescription":"","intendedApplication":"","projectDescription":"","isCopyrightProtected":false,"restrictionsDescription":""},"lastInternalId":5,"parameters":[{"@type":"Parameter","@id":"820881f9-c388-4f81-911b-f618f60adf33","name":"CO2_non_baseload","description":"lb/kWh","version":"00.00.000","parameterScope":"PROCESS_SCOPE","isInputParameter":true,"value":1.36921036},{"@type":"Parameter","@id":"e77c9a4a-fa03-4722-aebd-7f0d6695c433","name":"CH4_non_baseload","description":"lb/kWh","version":"00.00.000","parameterScope":"PROCESS_SCOPE","isInputParameter":true,"value":6.80791E-5},{"@type":"Parameter","@id":"846a098e-c0f4-4b04-9030-dea6f12a22d9","name":"N2O_non_baseload","description":"lb/kWh","version":"00.00.000","parameterScope":"PROCESS_SCOPE","isInputParameter":true,"value":1.4757E-5},{"@type":"Parameter","@id":"1f7fc9a9-ff4b-4a69-a4d0-768af56fc30c","name":"conversion_efficiency","description":"BTU/kWh. Calculated as the (kg CE/kWh output emission)/(kgCE/BTU input emission)","version":"00.00.000","parameterScope":"PROCESS_SCOPE","isInputParameter":true,"value":8441.062}],"exchanges":[{"@type":"Exchange","isAvoidedProduct":false,"isInput":false,"amount":1.0,"internalId":1,"flow":{"@type":"Flow","@id":"6ff43b96-4ce1-4545-b60b-e29291b0da0b","name":"Electricity, at grid","category":"Utilities","flowType":"PRODUCT_FLOW","refUnit":"MJ"},"unit":{"@type":"Unit","@id":"86ad2244-1f0e-4912-af53-7865283103e4","name":"kWh"},"flowProperty":{"@type":"FlowProperty","@id":"f6811440-ee37-11de-8a39-0800200c9a66","name":"Energy","category":"Technical flow properties","refUnit":"MJ"},"isQuantitativeReference":true},{"@type":"Exchange","isAvoidedProduct":false,"isInput":false,"amount":7.1534586614931305E-9,"amountFormula":"N2O_non_baseload*lb_to_sh_tn/tonne_to_sh_tn/(1-transmission_and_distribution_losses)","internalId":3,"flow":{"@type":"Flow","@id":"20185046-64bb-4c09-a8e7-e8a9e144ca98","name":"Dinitrogen monoxide","category":"Elementary flows/air/unspecified","flowType":"ELEMENTARY_FLOW","refUnit":"kg"},"unit":{"@type":"Unit","@id":"83192ffa-5990-490b-a23a-b45ca072db6f","name":"t"},"flowProperty":{"@type":"FlowProperty","@id":"93a60a56-a3c8-11da-a746-0800200b9a66","name":"Mass","category":"Technical flow properties","refUnit":"kg"}},{"@type":"Exchange","isAvoidedProduct":false,"isInput":false,"amount":6.637249921493616E-4,"amountFormula":"CO2_non_baseload*lb_to_sh_tn/tonne_to_sh_tn/(1-transmission_and_distribution_losses)","internalId":4,"flow":{"@type":"Flow","@id":"7ae371aa-8532-11e0-9d78-0800200c9a66","name":"Carbon dioxide","category":"Elementary flows/air/unspecified","flowType":"ELEMENTARY_FLOW","refUnit":"kg"},"unit":{"@type":"Unit","@id":"83192ffa-5990-490b-a23a-b45ca072db6f","name":"t"},"flowProperty":{"@type":"FlowProperty","@id":"93a60a56-a3c8-11da-a746-0800200b9a66","name":"Mass","category":"Technical flow properties","refUnit":"kg"}},{"@type":"Exchange","isAvoidedProduct":false,"isInput":false,"amount":3.3001357156715935E-8,"amountFormula":"CH4_non_baseload*lb_to_sh_tn/tonne_to_sh_tn/(1-transmission_and_distribution_losses)","internalId":2,"flow":{"@type":"Flow","@id":"20408dd1-8534-11e0-9d78-0800200c9a66","name":"Methane","category":"Elementary flows/air/unspecified","flowType":"ELEMENTARY_FLOW","refUnit":"kg"},"unit":{"@type":"Unit","@id":"83192ffa-5990-490b-a23a-b45ca072db6f","name":"t"},"flowProperty":{"@type":"FlowProperty","@id":"93a60a56-a3c8-11da-a746-0800200b9a66","name":"Mass","category":"Technical flow properties","refUnit":"kg"}},{"@type":"Exchange","isAvoidedProduct":false,"isInput":true,"amount":8441.062,"amountFormula":"conversion_efficiency","internalId":5,"flow":{"@type":"Flow","@id":"3e756464-b439-4b1e-8e4b-64e2173cc5ce","name":"Energy, unspecified","category":"Elementary flows/resource/unspecified","flowType":"ELEMENTARY_FLOW","refUnit":"MJ"},"unit":{"@type":"Unit","@id":"55244053-94ba-404e-9172-cb279d905e00","name":"btu"},"flowProperty":{"@type":"FlowProperty","@id":"f6811440-ee37-11de-8a39-0800200c9a66","name":"Energy","category":"Technical flow properties","refUnit":"MJ"}}],"socialAspects":[],"allocationFactors":[]}