{"@type":"UnitGroup","@id":"59f191d6-5dd3-4553-af88-1a32accfe308","name":"Units of mass*time","category":"Technical unit groups","version":"00.00.000","defaultFlowProperty":{"@type":"FlowProperty","@id":"4e10f566-0358-489a-8e3a-d687b66c50e6","name":"Mass*time","category":"Technical flow properties","refUnit":"kg*a"},"units":[{"@type":"Unit","@id":"b2ad404c-3e4f-4a7a-a604-46fb36654823","name":"kg*a","description":"Kilogram times year","conversionFactor":1.0,"synonyms":["kgy"],"isRefUnit":true},{"@type":"Unit","@id":"2fdc0039-6c5e-489a-af77-b225684fa337","name":"g*a","description":"Gram times year","conversionFactor":0.001},{"@type":"Unit","@id":"5209be3d-094e-4203-a074-06d7b75e9a38","name":"t*d","description":"Metric tonne times day (1 year \u003d 365 days)","conversionFactor":2.73},{"@type":"Unit","@id":"23cc7a32-f08a-43df-a87c-66953eeeb3f5","name":"t*a","description":"Metric tonnes times year","conversionFactor":1000.0},{"@type":"Unit","@id":"ab01fe47-d2c0-4308-adb1-e32df38d5a50","name":"kg*d","description":"Kilogram times day (1 year \u003d 365 days)","conversionFactor":0.00274}]}