{"@type":"UnitGroup","@id":"da299c4d-1741-4da8-9fbd-5ccfb5e1d688","name":"Units of currency","category":"Economic unit groups","version":"00.00.001","lastChange":"2018-08-06T18:41:32.897Z","units":[{"@type":"Unit","@id":"fd100082-4cdf-4932-9282-6bb7d7091bd4","name":"CZK 2000","description":"Czech koruna","conversionFactor":0.015503875968992248},{"@type":"Unit","@id":"97ee3997-137d-4d96-80bf-c4f106c743c4","name":"NOK 2000","description":"Norwegian krone","conversionFactor":0.09302325581395349},{"@type":"Unit","@id":"14ed0060-9198-48c1-b458-7fa4075c9811","name":"AUD 2000","description":"Australian dollar","conversionFactor":0.4883720930232558},{"@type":"Unit","@id":"6c277db7-2784-4296-83bf-15c04a9d59b2","name":"JPY 2000","description":"Japanese yen","conversionFactor":0.007751937984496124,"synonyms":["Yen2000"]},{"@type":"Unit","@id":"a55b7fe7-fa09-47ef-be62-e07b8e6f4351","name":"EUR 2000","description":"Euro","conversionFactor":0.7751937984496123},{"@type":"Unit","@id":"594fb96f-0d06-4053-9263-826fcd4d0046","name":"SEK 2000","description":"Swedish krona","conversionFactor":0.09302325581395349},{"@type":"Unit","@id":"ae63f1fd-3679-443a-ad06-8d03e867351e","name":"GBP 2000","description":"Pound sterling","conversionFactor":1.2790697674418603},{"@type":"Unit","@id":"dce13106-087c-4fea-bfaa-def214e3cecb","name":"LTL 2000","description":"Lithuanian litas","conversionFactor":0.20930232558139536},{"@type":"Unit","@id":"8632c804-eed7-4a57-91e6-1798289c49e3","name":"CHF 2000","description":"Swiss franc","conversionFactor":0.49612403100775193},{"@type":"Unit","@id":"b9948675-d7f6-4f0b-afa0-aa320718bb98","name":"M$ 2000","description":"Mega US dollar 2000","conversionFactor":852713.1782945737},{"@type":"Unit","@id":"fb4258af-95b2-4359-af03-9687178df527","name":"HUF 2000","description":"Hungarian forint","conversionFactor":0.002945736434108527},{"@type":"Unit","@id":"d246fd48-c363-4f0e-ab01-641325dd89eb","name":"KRW 2000","description":"South Korean won","conversionFactor":7.364341085271317E-4},{"@type":"Unit","@id":"2f3cc326-da25-4086-b06d-3a7ef914aef6","name":"DKK 2000","description":"Danish krone","conversionFactor":0.10077519379844961},{"@type":"Unit","@id":"3f838c0d-bf6c-49f1-a465-d256ab0d13eb","name":"USD 2000","description":"US dollar","conversionFactor":0.8527131782945737,"synonyms":["$"]},{"@type":"Unit","@id":"71326000-165d-41fb-aea9-1bfbd9d7fc6c","name":"ZAR 2000","description":"South African rand","conversionFactor":0.11627906976744186},{"@type":"Unit","@id":"28bb8ff6-79d1-4f97-b7c4-7fa3dd05bec8","name":"ISK 2000","description":"Iceland krona","conversionFactor":0.007751937984496124},{"@type":"Unit","@id":"e0c570ff-d195-4646-b15d-b8de687d10a8","name":"EUR 2003","description":"Euro 2003","conversionFactor":0.9689922480620154},{"@type":"Unit","@id":"18b04307-98b7-4d9e-82ee-f11d1b9f0d28","name":"CAD 2000","description":"Canadian dollar","conversionFactor":0.5658914728682171},{"@type":"Unit","@id":"007f0ce1-4a0b-4bb2-8f7c-1b2a0e6ef6b2","name":"LVL 2000","description":"Latvian lats","conversionFactor":1.37984496124031},{"@type":"Unit","@id":"d0c791b3-d989-4d90-906c-d01006e45ce0","name":"CHF 2005","description":"Swiss franc","conversionFactor":0.868217054263566},{"@type":"Unit","@id":"0866bd06-77b3-41a2-8157-6d96ffb5666b","name":"EEK 2000","description":"Estonian kroon","conversionFactor":0.046511627906976744},{"@type":"Unit","@id":"930e411f-542b-4f66-8e83-b04c303a9780","name":"USD 2002","description":"US dollar 2002","conversionFactor":1.0,"synonyms":["$"],"isRefUnit":true}]}