{"@type":"Parameter","@id":"8e6199b3-8cdc-481e-ad66-f3225088bde1","name":"combination_truck_EF_gal_tn_mi","description":"gal/ton-mile  Source: NREL 2015 https://www.lcacommons.gov/nrel/process/show/54320?qlookup\u003d\u0026max\u003d35\u0026hfacet\u003d%22Truck+Transportation%2FGeneral+Freight+Trucking%22\u0026hfacetCat\u003d%22Truck+Transportation%22\u0026loc\u003d\u0026year\u003d\u0026dtype\u003d\u0026crop\u003d\u0026index\u003d25\u0026numfound\u003d102\u0026offset\u003d","version":"00.00.000","parameterScope":"GLOBAL_SCOPE","isInputParameter":true,"value":0.013383231}