{"@type":"Flow","@id":"029cfd96-f5d1-4cd2-9636-c9026dfb0244","name":"Food Waste, combusted","description":"","category":"Combustion","version":"00.00.001","lastChange":"2015-06-04T12:10:54.513Z","flowType":"PRODUCT_FLOW","isInfrastructureFlow":false,"flowProperties":[{"@type":"FlowPropertyFactor","isRefFlowProperty":true,"flowProperty":{"@type":"FlowProperty","@id":"93a60a56-a3c8-11da-a746-0800200b9a66","name":"Mass","category":"Technical flow properties","refUnit":"kg"},"conversionFactor":1.0}]}