{"@type":"Flow","@id":"070859a9-8e90-4cdc-b98c-2b6debc0fca5","name":"Transport, in product manufacturing from Copper No. 1 Scrap, using 100% recycled inputs","category":"Transport/Product manufacturing/100% Recycled inputs","version":"00.00.000","flowType":"PRODUCT_FLOW","isInfrastructureFlow":false,"flowProperties":[{"@type":"FlowPropertyFactor","isRefFlowProperty":true,"flowProperty":{"@type":"FlowProperty","@id":"f6811440-ee37-11de-8a39-0800200c9a66","name":"Energy","category":"Technical flow properties","refUnit":"MJ"},"conversionFactor":1.0}]}