{"@type":"Flow","@id":"08c652a9-77b6-4263-ac7b-c249a92457b9","name":"Carbon (total)","description":"","category":"Elementary flows/air/unspecified","version":"00.00.000","lastChange":"2015-04-01T21:05:12.527Z","flowType":"ELEMENTARY_FLOW","isInfrastructureFlow":false,"flowProperties":[{"@type":"FlowPropertyFactor","isRefFlowProperty":true,"flowProperty":{"@type":"FlowProperty","@id":"93a60a56-a3c8-11da-a746-0800200b9a66","name":"Mass","category":"Technical flow properties","refUnit":"kg"},"conversionFactor":1.0}]}