{"@type":"Flow","@id":"1cd9b595-d8aa-418f-b488-29d993dbd4db","name":"Transport, in product manufacturing from Mixed Paper (primarily residential), using 100% virgin inputs","category":"Transport/Product manufacturing/100% Virgin inputs","version":"00.00.000","flowType":"PRODUCT_FLOW","isInfrastructureFlow":false,"flowProperties":[{"@type":"FlowPropertyFactor","isRefFlowProperty":true,"flowProperty":{"@type":"FlowProperty","@id":"f6811440-ee37-11de-8a39-0800200c9a66","name":"Energy","category":"Technical flow properties","refUnit":"MJ"},"conversionFactor":1.0}]}