{"@type":"Flow","@id":"22638689-4733-4c28-9f09-fa84c64974df","name":"Transport, in product manufacturing from Newspaper, using 100% recycled inputs","category":"Transport/Product manufacturing/100% Recycled inputs","version":"00.00.000","flowType":"PRODUCT_FLOW","isInfrastructureFlow":false,"flowProperties":[{"@type":"FlowPropertyFactor","isRefFlowProperty":true,"flowProperty":{"@type":"FlowProperty","@id":"f6811440-ee37-11de-8a39-0800200c9a66","name":"Energy","category":"Technical flow properties","refUnit":"MJ"},"conversionFactor":1.0}]}