{"@type":"Flow","@id":"2399ebc3-1de4-47e6-8ee6-3e87f785286b","name":"Food Waste (meat only), landfilled","description":"","category":"Landfilling","version":"00.00.002","lastChange":"2015-06-03T15:15:40.646Z","flowType":"PRODUCT_FLOW","isInfrastructureFlow":false,"flowProperties":[{"@type":"FlowPropertyFactor","isRefFlowProperty":true,"flowProperty":{"@type":"FlowProperty","@id":"93a60a56-a3c8-11da-a746-0800200b9a66","name":"Mass","category":"Technical flow properties","refUnit":"kg"},"conversionFactor":1.0}]}