{"@type":"Flow","@id":"23fa9cc4-9167-4453-ac73-8e2a2c4b25d1","name":"Transport, in product manufacturing from Poultry, using 100% virgin inputs","category":"Transport/Product manufacturing/100% Virgin inputs","version":"00.00.001","lastChange":"2015-06-03T14:30:28.624Z","flowType":"PRODUCT_FLOW","isInfrastructureFlow":false,"flowProperties":[{"@type":"FlowPropertyFactor","isRefFlowProperty":true,"flowProperty":{"@type":"FlowProperty","@id":"f6811440-ee37-11de-8a39-0800200c9a66","name":"Energy","category":"Technical flow properties","refUnit":"MJ"},"conversionFactor":1.0}]}