{"@type":"Flow","@id":"25943c1e-ecc3-4890-a210-f5ab5f0b9744","name":"Transport, in product manufacturing from Electronic Peripherals, using 100% virgin inputs","category":"Transport/Product manufacturing/100% Virgin inputs","version":"00.00.002","lastChange":"2019-03-01T19:58:08.693Z","flowType":"PRODUCT_FLOW","isInfrastructureFlow":false,"flowProperties":[{"@type":"FlowPropertyFactor","isRefFlowProperty":true,"flowProperty":{"@type":"FlowProperty","@id":"f6811440-ee37-11de-8a39-0800200c9a66","name":"Energy","category":"Technical flow properties","refUnit":"MJ"},"conversionFactor":1.0}]}