{"@type":"Flow","@id":"27f76dc4-d216-404a-b8e2-ca857a0a18c5","name":"Transport, in product manufacturing from Copper (Electronics), using 100% virgin inputs","description":"","category":"Transport/Product manufacturing/100% Virgin inputs","version":"00.00.001","lastChange":"2019-04-08T01:59:32.994Z","flowType":"PRODUCT_FLOW","isInfrastructureFlow":false,"flowProperties":[{"@type":"FlowPropertyFactor","isRefFlowProperty":true,"flowProperty":{"@type":"FlowProperty","@id":"f6811440-ee37-11de-8a39-0800200c9a66","name":"Energy","category":"Technical flow properties","refUnit":"MJ"},"conversionFactor":1.0}]}