{"@type":"Flow","@id":"2b6b28e6-d262-4d7d-a6d4-61b90792efab","name":"Transport, in product manufacturing from Copper Wire, using 100% virgin inputs","category":"Transport/Product manufacturing/100% Virgin inputs","version":"00.00.000","flowType":"PRODUCT_FLOW","isInfrastructureFlow":false,"flowProperties":[{"@type":"FlowPropertyFactor","isRefFlowProperty":true,"flowProperty":{"@type":"FlowProperty","@id":"f6811440-ee37-11de-8a39-0800200c9a66","name":"Energy","category":"Technical flow properties","refUnit":"MJ"},"conversionFactor":1.0}]}