{"@type":"Flow","@id":"2e48a0e5-4025-4af2-b184-d9d32d4239d3","name":"Transport, in product manufacturing from Other Metals (Electronics), using 100% virgin inputs","description":"","category":"Transport/Product manufacturing/100% Virgin inputs","version":"00.00.001","lastChange":"2019-04-08T02:02:30.057Z","flowType":"PRODUCT_FLOW","isInfrastructureFlow":false,"flowProperties":[{"@type":"FlowPropertyFactor","isRefFlowProperty":true,"flowProperty":{"@type":"FlowProperty","@id":"f6811440-ee37-11de-8a39-0800200c9a66","name":"Energy","category":"Technical flow properties","refUnit":"MJ"},"conversionFactor":1.0}]}