{"@type":"Flow","@id":"3260cb0a-7299-41e9-ab65-97e5d283c314","name":"Product manufactured, from Steel Cans, using 100% virgin inputs","category":"Product manufactured/100% Virgin inputs","version":"00.00.000","flowType":"PRODUCT_FLOW","isInfrastructureFlow":false,"flowProperties":[{"@type":"FlowPropertyFactor","isRefFlowProperty":true,"flowProperty":{"@type":"FlowProperty","@id":"93a60a56-a3c8-11da-a746-0800200b9a66","name":"Mass","category":"Technical flow properties","refUnit":"kg"},"conversionFactor":1.0}]}