{"@type":"Flow","@id":"37b01e60-4249-4e05-a615-378e8b2dfed1","name":"Process energy, for product manufacturing from Asphalt Shingles, using 100% virgin inputs","category":"Utilities/Process energy/100% Virgin inputs","version":"00.00.000","flowType":"PRODUCT_FLOW","isInfrastructureFlow":false,"flowProperties":[{"@type":"FlowPropertyFactor","isRefFlowProperty":true,"flowProperty":{"@type":"FlowProperty","@id":"f6811440-ee37-11de-8a39-0800200c9a66","name":"Energy","category":"Technical flow properties","refUnit":"MJ"},"conversionFactor":1.0}]}