{"@type":"Flow","@id":"37fca0eb-b40c-43ae-8716-7c9348a6b46e","name":"Product manufactured, from Aluminum Ingot, using 100% virgin inputs","category":"Product manufactured/100% Virgin inputs","version":"00.00.000","flowType":"PRODUCT_FLOW","isInfrastructureFlow":false,"flowProperties":[{"@type":"FlowPropertyFactor","isRefFlowProperty":true,"flowProperty":{"@type":"FlowProperty","@id":"93a60a56-a3c8-11da-a746-0800200b9a66","name":"Mass","category":"Technical flow properties","refUnit":"kg"},"conversionFactor":1.0}]}