{"@type":"Flow","@id":"39e83c7b-889b-4bd1-8f6a-eb3fe169388e","name":"Process energy, for product manufacturing from Li2CoO2, using 100% virgin inputs","description":"","category":"Utilities/Process energy/100% Virgin inputs","version":"00.00.000","lastChange":"2019-04-08T20:48:48.018Z","flowType":"PRODUCT_FLOW","isInfrastructureFlow":false,"flowProperties":[{"@type":"FlowPropertyFactor","isRefFlowProperty":true,"flowProperty":{"@type":"FlowProperty","@id":"f6811440-ee37-11de-8a39-0800200c9a66","name":"Energy","category":"Technical flow properties","refUnit":"MJ"},"conversionFactor":1.0}]}