{"@type":"Flow","@id":"43c652dc-0aee-4149-9da3-b5a94c4173cc","name":"Transport, in product manufacturing from Mixed Paper (primarily residential), using 100% recycled inputs","category":"Transport/Product manufacturing/100% Recycled inputs","version":"00.00.000","flowType":"PRODUCT_FLOW","isInfrastructureFlow":false,"flowProperties":[{"@type":"FlowPropertyFactor","isRefFlowProperty":true,"flowProperty":{"@type":"FlowProperty","@id":"f6811440-ee37-11de-8a39-0800200c9a66","name":"Energy","category":"Technical flow properties","refUnit":"MJ"},"conversionFactor":1.0}]}