{"@type":"Flow","@id":"4d2da87e-6fb4-4ddd-896b-e290dcf061a3","name":"Poultry, landfilled","description":"","category":"Landfilling","version":"00.00.000","lastChange":"2015-06-03T14:20:19.050Z","flowType":"PRODUCT_FLOW","isInfrastructureFlow":false,"flowProperties":[{"@type":"FlowPropertyFactor","isRefFlowProperty":true,"flowProperty":{"@type":"FlowProperty","@id":"93a60a56-a3c8-11da-a746-0800200b9a66","name":"Mass","category":"Technical flow properties","refUnit":"kg"},"conversionFactor":1.0}]}