{"@type":"Flow","@id":"4f0d906b-c03f-4bd6-a88e-232110395a04","name":"Process energy, for product manufacturing from Magazines Third-class Mail, using 100% recycled inputs","category":"Utilities/Process energy/100% Recycled inputs","version":"00.00.000","flowType":"PRODUCT_FLOW","isInfrastructureFlow":false,"flowProperties":[{"@type":"FlowPropertyFactor","isRefFlowProperty":true,"flowProperty":{"@type":"FlowProperty","@id":"f6811440-ee37-11de-8a39-0800200c9a66","name":"Energy","category":"Technical flow properties","refUnit":"MJ"},"conversionFactor":1.0}]}