{"@type":"Flow","@id":"56e254f6-747c-4fac-9012-f5d569a02e3d","name":"Product manufactured, from Printed Circuit Board, using 100% virgin inputs","description":"","category":"Product manufactured/100% Virgin inputs","version":"00.00.000","lastChange":"2019-04-08T00:08:37.169Z","flowType":"PRODUCT_FLOW","isInfrastructureFlow":false,"flowProperties":[{"@type":"FlowPropertyFactor","isRefFlowProperty":true,"flowProperty":{"@type":"FlowProperty","@id":"93a60a56-a3c8-11da-a746-0800200b9a66","name":"Mass","category":"Technical flow properties","refUnit":"kg"},"conversionFactor":1.0}]}