{"@type":"Flow","@id":"5f9499a5-2f16-414f-87e3-9eca0549d5c4","name":"Product manufactured, from Plastic (Electronics), using 100% virgin inputs","description":"","category":"Product manufactured/100% Virgin inputs","version":"00.00.000","lastChange":"2019-04-08T00:07:32.178Z","flowType":"PRODUCT_FLOW","isInfrastructureFlow":false,"flowProperties":[{"@type":"FlowPropertyFactor","isRefFlowProperty":true,"flowProperty":{"@type":"FlowProperty","@id":"93a60a56-a3c8-11da-a746-0800200b9a66","name":"Mass","category":"Technical flow properties","refUnit":"kg"},"conversionFactor":1.0}]}