{"@type":"Flow","@id":"764be43f-1fc0-4d31-bae7-f4bbced772f5","name":"Product manufactured, from Ferrous Metal, using 100% virgin inputs","description":"","category":"Product manufactured/100% Virgin inputs","version":"00.00.002","lastChange":"2019-04-08T00:11:02.412Z","flowType":"PRODUCT_FLOW","isInfrastructureFlow":false,"flowProperties":[{"@type":"FlowPropertyFactor","isRefFlowProperty":true,"flowProperty":{"@type":"FlowProperty","@id":"93a60a56-a3c8-11da-a746-0800200b9a66","name":"Mass","category":"Technical flow properties","refUnit":"kg"},"conversionFactor":1.0}]}