{"@type":"Flow","@id":"794a2ffa-d4a6-40c4-9a72-99d63f035779","name":"Electronics, shredded for recycling","description":"","category":"Recycling","version":"00.00.000","lastChange":"2019-04-09T18:36:28.164Z","flowType":"PRODUCT_FLOW","isInfrastructureFlow":false,"flowProperties":[{"@type":"FlowPropertyFactor","isRefFlowProperty":true,"flowProperty":{"@type":"FlowProperty","@id":"93a60a56-a3c8-11da-a746-0800200b9a66","name":"Mass","category":"Technical flow properties","refUnit":"kg"},"conversionFactor":1.0}]}