{"@type":"Flow","@id":"88b3d86f-25bb-4fea-98c2-bdc627cf7b00","name":"Mixed Electronics, alternative scenario","category":"Materials/Alternative scenario","version":"00.00.001","lastChange":"2018-10-16T18:35:45.055Z","flowType":"PRODUCT_FLOW","isInfrastructureFlow":false,"flowProperties":[{"@type":"FlowPropertyFactor","isRefFlowProperty":true,"flowProperty":{"@type":"FlowProperty","@id":"93a60a56-a3c8-11da-a746-0800200b9a66","name":"Mass","category":"Technical flow properties","refUnit":"kg"},"conversionFactor":1.0}]}