{"@type":"Flow","@id":"8c2fe757-6866-4ed2-9f89-81012ad774a0","name":"Carbon, in organic matter, in soil","category":"Elementary flows/resource/in ground","version":"00.00.000","flowType":"ELEMENTARY_FLOW","cas":"007440-44-0","formula":"C","isInfrastructureFlow":false,"flowProperties":[{"@type":"FlowPropertyFactor","isRefFlowProperty":true,"flowProperty":{"@type":"FlowProperty","@id":"93a60a56-a3c8-11da-a746-0800200b9a66","name":"Mass","category":"Technical flow properties","refUnit":"kg"},"conversionFactor":1.0}]}