{"@type":"Flow","@id":"8f2c480f-f29b-447d-804f-5208cd4666fa","name":"Product manufactured, from Dimensional Lumber, using 100% recycled inputs","category":"Product manufactured/100% Recycled inputs","version":"00.00.000","flowType":"PRODUCT_FLOW","isInfrastructureFlow":false,"flowProperties":[{"@type":"FlowPropertyFactor","isRefFlowProperty":true,"flowProperty":{"@type":"FlowProperty","@id":"93a60a56-a3c8-11da-a746-0800200b9a66","name":"Mass","category":"Technical flow properties","refUnit":"kg"},"conversionFactor":1.0}]}