{"@type":"Flow","@id":"90ebccb4-19e6-485d-be7a-4e38b87347fd","name":"Food Waste, landfilled","description":"","category":"Landfilling","version":"00.00.000","lastChange":"2015-06-04T12:11:19.142Z","flowType":"PRODUCT_FLOW","isInfrastructureFlow":false,"flowProperties":[{"@type":"FlowPropertyFactor","isRefFlowProperty":true,"flowProperty":{"@type":"FlowProperty","@id":"93a60a56-a3c8-11da-a746-0800200b9a66","name":"Mass","category":"Technical flow properties","refUnit":"kg"},"conversionFactor":1.0}]}