{"@type":"Flow","@id":"951979d2-4a48-406b-8e6f-d7d45d508241","name":"Product manufactured, from Other Metals (Electronics), using 100% virgin inputs","description":"","category":"Product manufactured/100% Virgin inputs","version":"00.00.000","lastChange":"2019-04-08T00:07:02.482Z","flowType":"PRODUCT_FLOW","isInfrastructureFlow":false,"flowProperties":[{"@type":"FlowPropertyFactor","isRefFlowProperty":true,"flowProperty":{"@type":"FlowProperty","@id":"93a60a56-a3c8-11da-a746-0800200b9a66","name":"Mass","category":"Technical flow properties","refUnit":"kg"},"conversionFactor":1.0}]}