{"@type":"Flow","@id":"9ed04856-b565-46c4-8163-eb0616409abc","name":"Carbon","description":"","category":"Elementary flows/resource/biotic","version":"00.00.000","lastChange":"2015-05-27T12:17:53.685Z","flowType":"ELEMENTARY_FLOW","isInfrastructureFlow":false,"flowProperties":[{"@type":"FlowPropertyFactor","isRefFlowProperty":true,"flowProperty":{"@type":"FlowProperty","@id":"93a60a56-a3c8-11da-a746-0800200b9a66","name":"Mass","category":"Technical flow properties","refUnit":"kg"},"conversionFactor":1.0}]}