{"@type":"Flow","@id":"a353c643-b415-4bb5-8cac-c081a7b4890a","name":"Product manufactured, from Portable Electronic Devices, using 100% virgin inputs","category":"Product manufactured/100% Virgin inputs","version":"00.00.002","lastChange":"2019-03-01T19:59:40.540Z","flowType":"PRODUCT_FLOW","isInfrastructureFlow":false,"flowProperties":[{"@type":"FlowPropertyFactor","isRefFlowProperty":true,"flowProperty":{"@type":"FlowProperty","@id":"93a60a56-a3c8-11da-a746-0800200b9a66","name":"Mass","category":"Technical flow properties","refUnit":"kg"},"conversionFactor":1.0}]}