{"@type":"Flow","@id":"a7a76b76-112e-4ae3-a407-ff0458a94c75","name":"Product manufactured, from Copper No. 1 Scrap, using 100% recycled inputs","category":"Product manufactured/100% Recycled inputs","version":"00.00.000","flowType":"PRODUCT_FLOW","isInfrastructureFlow":false,"flowProperties":[{"@type":"FlowPropertyFactor","isRefFlowProperty":true,"flowProperty":{"@type":"FlowProperty","@id":"93a60a56-a3c8-11da-a746-0800200b9a66","name":"Mass","category":"Technical flow properties","refUnit":"kg"},"conversionFactor":1.0}]}