{"@type":"Flow","@id":"a8aff9d8-51ca-4506-935a-3d5e95ced645","name":"Transport, in product manufacturing from Copper, using 100% virgin inputs","category":"Transport/Product manufacturing/100% Virgin inputs","version":"00.00.000","flowType":"PRODUCT_FLOW","isInfrastructureFlow":false,"flowProperties":[{"@type":"FlowPropertyFactor","isRefFlowProperty":true,"flowProperty":{"@type":"FlowProperty","@id":"f6811440-ee37-11de-8a39-0800200c9a66","name":"Energy","category":"Technical flow properties","refUnit":"MJ"},"conversionFactor":1.0}]}