{"@type":"Flow","@id":"aa9c9c44-d436-4ecf-a4f6-c1327bb67d16","name":"Product manufactured, from Nickel, using 100% recycled inputs","description":"","category":"Product manufactured/100% Recycled inputs","version":"00.00.000","lastChange":"2019-04-08T20:42:19.298Z","flowType":"PRODUCT_FLOW","isInfrastructureFlow":false,"flowProperties":[{"@type":"FlowPropertyFactor","isRefFlowProperty":true,"flowProperty":{"@type":"FlowProperty","@id":"93a60a56-a3c8-11da-a746-0800200b9a66","name":"Mass","category":"Technical flow properties","refUnit":"kg"},"conversionFactor":1.0}]}