{"@type":"Flow","@id":"c26e1f7a-60b3-4936-831e-2c0a6a6cb1e0","name":"Process energy, for product manufacturing from Glass, using 100% virgin inputs","category":"Utilities/Process energy/100% Virgin inputs","version":"00.00.000","flowType":"PRODUCT_FLOW","isInfrastructureFlow":false,"flowProperties":[{"@type":"FlowPropertyFactor","isRefFlowProperty":true,"flowProperty":{"@type":"FlowProperty","@id":"f6811440-ee37-11de-8a39-0800200c9a66","name":"Energy","category":"Technical flow properties","refUnit":"MJ"},"conversionFactor":1.0}]}