{"@type":"Flow","@id":"e4a324fe-5c43-4603-ba54-461126a98975","name":"Transport, in product manufacturing from Magazines Third-class Mail, using 100% recycled inputs","category":"Transport/Product manufacturing/100% Recycled inputs","version":"00.00.000","flowType":"PRODUCT_FLOW","isInfrastructureFlow":false,"flowProperties":[{"@type":"FlowPropertyFactor","isRefFlowProperty":true,"flowProperty":{"@type":"FlowProperty","@id":"f6811440-ee37-11de-8a39-0800200c9a66","name":"Energy","category":"Technical flow properties","refUnit":"MJ"},"conversionFactor":1.0}]}