{"@type":"Flow","@id":"ed8dca77-2312-4e19-8ad2-ec90ab985544","name":"Product manufactured, from Flat Panel Display Module, using 100% virgin inputs","description":"","category":"Product manufactured/100% Virgin inputs","version":"00.00.000","lastChange":"2019-04-08T00:09:54.018Z","flowType":"PRODUCT_FLOW","isInfrastructureFlow":false,"flowProperties":[{"@type":"FlowPropertyFactor","isRefFlowProperty":true,"flowProperty":{"@type":"FlowProperty","@id":"93a60a56-a3c8-11da-a746-0800200b9a66","name":"Mass","category":"Technical flow properties","refUnit":"kg"},"conversionFactor":1.0}]}