{"@type":"Flow","@id":"f4dc3504-c057-4bd1-afcc-51dd07e75f46","name":"Product manufactured, from Battery, using 100% virgin inputs","description":"","category":"Product manufactured/100% Virgin inputs","version":"00.00.000","lastChange":"2019-04-08T00:10:41.408Z","flowType":"PRODUCT_FLOW","isInfrastructureFlow":false,"flowProperties":[{"@type":"FlowPropertyFactor","isRefFlowProperty":true,"flowProperty":{"@type":"FlowProperty","@id":"93a60a56-a3c8-11da-a746-0800200b9a66","name":"Mass","category":"Technical flow properties","refUnit":"kg"},"conversionFactor":1.0}]}