{"@type":"Flow","@id":"f5490309-7b08-4f06-ae96-2068297bc5e7","name":"Process energy, for product manufacturing from Ag Gypsum, using 100% recycled inputs","category":"Utilities/Process energy/100% Recycled inputs","version":"00.00.000","flowType":"PRODUCT_FLOW","isInfrastructureFlow":false,"flowProperties":[{"@type":"FlowPropertyFactor","isRefFlowProperty":true,"flowProperty":{"@type":"FlowProperty","@id":"f6811440-ee37-11de-8a39-0800200c9a66","name":"Energy","category":"Technical flow properties","refUnit":"MJ"},"conversionFactor":1.0}]}