{"@type":"Flow","@id":"ff211b41-7b32-4908-8869-0f5deaf68fe7","name":"Process energy, for product manufacturing from Li2CoO2, using 100% recycled inputs","description":"","category":"Utilities/Process energy/100% Recycled inputs","version":"00.00.000","lastChange":"2019-04-08T20:53:27.186Z","flowType":"PRODUCT_FLOW","isInfrastructureFlow":false,"flowProperties":[{"@type":"FlowPropertyFactor","isRefFlowProperty":true,"flowProperty":{"@type":"FlowProperty","@id":"f6811440-ee37-11de-8a39-0800200c9a66","name":"Energy","category":"Technical flow properties","refUnit":"MJ"},"conversionFactor":1.0}]}